StartDate,EndDate,Status,IPAddress,Progress,Duration (in seconds),Finished,RecordedDate,ResponseId,RecipientLastName,RecipientFirstName,RecipientEmail,ExternalReference,LocationLatitude,LocationLongitude,DistributionChannel,UserLanguage,Q9,Q138,Q139,Q140,Q141,Q29_First Click,Q29_Last Click,Q29_Page Submit,Q29_Click Count,Q28,match timer_First Click,match timer_Last Click,match timer_Page Submit,match timer_Click Count,get timer_First Click,get timer_Last Click,get timer_Page Submit,get timer_Click Count,Q60_First Click,Q60_Last Click,Q60_Page Submit,Q60_Click Count,Q83,Q87,Q90_1_x,Q90_1_y,Q90,Q91,attn_check,Q55_First Click,Q55_Last Click,Q55_Page Submit,Q55_Click Count,Q57_First Click,Q57_Last Click,Q57_Page Submit,Q57_Click Count,Q20,Q100_First Click,Q100_Last Click,Q100_Page Submit,Q100_Click Count,Q84,Q141,Q142,Q143_1,Q144,Q34_First Click,Q34_Last Click,Q34_Page Submit,Q34_Click Count,fairness(new),Q31,guesstimate(new)_1,feedback (new),Q75_First Click,Q75_Last Click,Q75_Page Submit,Q75_Click Count,Q76_First Click,Q76_Last Click,Q76_Page Submit,Q76_Click Count,Q77_First Click,Q77_Last Click,Q77_Page Submit,Q77_Click Count,Q78_First Click,Q78_Last Click,Q78_Page Submit,Q78_Click Count,Q94,Q95,Q129,Q96,Q128,Q131,Q102,Q103,researcherID,studyID,Create New Field or Choose From Dropdown...,groupID,participantID,groupSize,numStages,roles,timeOutLog,maxWaitTime,botMatch,matchAlert,id,participantRole,participantStatus,sendData,sendStage,getStage,getData,saveData,getWaitText,freezeTime,chatLog,chatDuration,chatName,chatWindowWidth,chatWindowHeight,chatInstructions
Start Date,End Date,Response Type,IP Address,Progress,Duration (in seconds),Finished,Recorded Date,Response ID,Recipient Last Name,Recipient First Name,Recipient Email,External Data Reference,Location Latitude,Location Longitude,Distribution Channel,User Language,Q9,"Before we match you with other participants, please answer the following question: 

Politically, do you identify as a member of the Democratic Party or the Republican Party?",I value being a member of the [QID146-ChoiceGroup-SelectedChoices].,I am proud to be a member of the [QID146-ChoiceGroup-SelectedChoices].,Belonging to the [QID146-ChoiceGroup-SelectedChoices] is an important part of my identity.,Timing - First Click,Timing - Last Click,Timing - Page Submit,Timing - Click Count,Approximately how many dots were in the previous image?,Timing - First Click,Timing - Last Click,Timing - Page Submit,Timing - Click Count,Timing - First Click,Timing - Last Click,Timing - Page Submit,Timing - Click Count,Timing - First Click,Timing - Last Click,Timing - Page Submit,Timing - Click Count,"Mental Rotation Task 

 

Looking at the shape below, select the photo that depicts the same shape, rotated in space.","Logic Problem



Please read the following carefully, then select the answer you believe to be most correct. 

 

Laird: Pure research provides us with new technologies that contribute to saving lives. Even more worthwhile than this, however, is its role in expanding our knowledge and providing new, unexplored ideas.

Kim: Your priorities are mistaken. Saving lives is what counts most of all. Without pure research, medicine would not be as advanced as it is.

Laird and Kim disagree on whether pure research...","Spot the Difference 

 

Some things are different in the images below. Please click on the image where one of the differences is. - 1 - X","Spot the Difference 

 

Some things are different in the images below. Please click on the image where one of the differences is. - 1 - Y","Spot the Difference 

 

Some things are different in the images below. Please click on the image where one of the differences is. - Regions","Survey Question

 

Please answer the following question honestly. We are interested in how people score on a variety of personality measures. 

 

 

I am the life of the party.","There are lots of different types of questions that we may ask participants. Some types of questions look at personality, whereas others may test certain sets of skills. Others may test to ensure that participants read the entire question. Please select ""Somewhat Disagree"" from the selection below.",Timing - First Click,Timing - Last Click,Timing - Page Submit,Timing - Click Count,Timing - First Click,Timing - Last Click,Timing - Page Submit,Timing - Click Count,How would you like to assign tasks?,Timing - First Click,Timing - Last Click,Timing - Page Submit,Timing - Click Count,"Which task would you like to assign to YOURSELF? 
(Remember, whichever task you do not choose will be assigned to another participant.)",Do you think the assignment procedure for tasks is blind (e.g. the researchers are not assigning tasks)?,How fairly did you act when assigning the tasks?,How likely do you think people are to assign themselves the green task? - Green Task,"Do you have any other feedback on the new ""experimenter-blind"" task assignment procedure?",Timing - First Click,Timing - Last Click,Timing - Page Submit,Timing - Click Count,Do you think the assignment procedure for tasks is blind (e.g. the researchers are not assigning tasks)?,How fairly did the other participant act when assigning the tasks?,How likely do you think people are to assign themselves the green task? - Green Task,"Do you have any other feedback on the new ""experimenter-blind"" task assignment procedure?",Timing - First Click,Timing - Last Click,Timing - Page Submit,Timing - Click Count,Timing - First Click,Timing - Last Click,Timing - Page Submit,Timing - Click Count,Timing - First Click,Timing - Last Click,Timing - Page Submit,Timing - Click Count,Timing - First Click,Timing - Last Click,Timing - Page Submit,Timing - Click Count,What did you think was the purpose of this experiment?,Did you believe that you were talking to real people in the chat phase?,Why Not?,Did you believe that you were watching a real person's task selection via screen recording?,Why Not?,Is there anything else you'd like us to know?,Q102,"I feel that I have been adequately debriefed about the nature of the study. The investigator has explained the purposes of the research to me, and I feel that any questions I have asked were satisfactorily answered.",researcherID,studyID,Create New Field or Choose From Dropdown...,groupID,participantID,groupSize,numStages,roles,timeOutLog,maxWaitTime,botMatch,matchAlert,id,participantRole,participantStatus,sendData,sendStage,getStage,getData,saveData,getWaitText,freezeTime,chatLog,chatDuration,chatName,chatWindowWidth,chatWindowHeight,chatInstructions
"{""ImportId"":""startDate"",""timeZone"":""America/Denver""}","{""ImportId"":""endDate"",""timeZone"":""America/Denver""}","{""ImportId"":""status""}","{""ImportId"":""ipAddress""}","{""ImportId"":""progress""}","{""ImportId"":""duration""}","{""ImportId"":""finished""}","{""ImportId"":""recordedDate"",""timeZone"":""America/Denver""}","{""ImportId"":""_recordId""}","{""ImportId"":""recipientLastName""}","{""ImportId"":""recipientFirstName""}","{""ImportId"":""recipientEmail""}","{""ImportId"":""externalDataReference""}","{""ImportId"":""locationLatitude""}","{""ImportId"":""locationLongitude""}","{""ImportId"":""distributionChannel""}","{""ImportId"":""userLanguage""}","{""ImportId"":""QID14""}","{""ImportId"":""QID146""}","{""ImportId"":""QID147""}","{""ImportId"":""QID148""}","{""ImportId"":""QID149""}","{""ImportId"":""QID37_FIRST_CLICK""}","{""ImportId"":""QID37_LAST_CLICK""}","{""ImportId"":""QID37_PAGE_SUBMIT""}","{""ImportId"":""QID37_CLICK_COUNT""}","{""ImportId"":""QID36_TEXT""}","{""ImportId"":""QID9_FIRST_CLICK""}","{""ImportId"":""QID9_LAST_CLICK""}","{""ImportId"":""QID9_PAGE_SUBMIT""}","{""ImportId"":""QID9_CLICK_COUNT""}","{""ImportId"":""QID120_FIRST_CLICK""}","{""ImportId"":""QID120_LAST_CLICK""}","{""ImportId"":""QID120_PAGE_SUBMIT""}","{""ImportId"":""QID120_CLICK_COUNT""}","{""ImportId"":""QID68_FIRST_CLICK""}","{""ImportId"":""QID68_LAST_CLICK""}","{""ImportId"":""QID68_PAGE_SUBMIT""}","{""ImportId"":""QID68_CLICK_COUNT""}","{""ImportId"":""QID91""}","{""ImportId"":""QID95""}","{""ImportId"":""QID98"",""point"":1,""coord"":""x""}","{""ImportId"":""QID98"",""point"":1,""coord"":""y""}","{""ImportId"":""QID98_REGIONS""}","{""ImportId"":""QID99""}","{""ImportId"":""QID145""}","{""ImportId"":""QID63_FIRST_CLICK""}","{""ImportId"":""QID63_LAST_CLICK""}","{""ImportId"":""QID63_PAGE_SUBMIT""}","{""ImportId"":""QID63_CLICK_COUNT""}","{""ImportId"":""QID65_FIRST_CLICK""}","{""ImportId"":""QID65_LAST_CLICK""}","{""ImportId"":""QID65_PAGE_SUBMIT""}","{""ImportId"":""QID65_CLICK_COUNT""}","{""ImportId"":""QID32""}","{""ImportId"":""QID108_FIRST_CLICK""}","{""ImportId"":""QID108_LAST_CLICK""}","{""ImportId"":""QID108_PAGE_SUBMIT""}","{""ImportId"":""QID108_CLICK_COUNT""}","{""ImportId"":""QID92""}","{""ImportId"":""QID141""}","{""ImportId"":""QID142""}","{""ImportId"":""QID143_1""}","{""ImportId"":""QID144_TEXT""}","{""ImportId"":""QID42_FIRST_CLICK""}","{""ImportId"":""QID42_LAST_CLICK""}","{""ImportId"":""QID42_PAGE_SUBMIT""}","{""ImportId"":""QID42_CLICK_COUNT""}","{""ImportId"":""QID25""}","{""ImportId"":""QID28""}","{""ImportId"":""QID26_1""}","{""ImportId"":""QID27_TEXT""}","{""ImportId"":""QID83_FIRST_CLICK""}","{""ImportId"":""QID83_LAST_CLICK""}","{""ImportId"":""QID83_PAGE_SUBMIT""}","{""ImportId"":""QID83_CLICK_COUNT""}","{""ImportId"":""QID84_FIRST_CLICK""}","{""ImportId"":""QID84_LAST_CLICK""}","{""ImportId"":""QID84_PAGE_SUBMIT""}","{""ImportId"":""QID84_CLICK_COUNT""}","{""ImportId"":""QID85_FIRST_CLICK""}","{""ImportId"":""QID85_LAST_CLICK""}","{""ImportId"":""QID85_PAGE_SUBMIT""}","{""ImportId"":""QID85_CLICK_COUNT""}","{""ImportId"":""QID86_FIRST_CLICK""}","{""ImportId"":""QID86_LAST_CLICK""}","{""ImportId"":""QID86_PAGE_SUBMIT""}","{""ImportId"":""QID86_CLICK_COUNT""}","{""ImportId"":""QID102_TEXT""}","{""ImportId"":""QID103""}","{""ImportId"":""QID137_TEXT""}","{""ImportId"":""QID104""}","{""ImportId"":""QID136_TEXT""}","{""ImportId"":""QID139_TEXT""}","{""ImportId"":""QID110""}","{""ImportId"":""QID111""}","{""ImportId"":""researcherID""}","{""ImportId"":""studyID""}","{""ImportId"":""Create New Field or Choose From Dropdown...""}","{""ImportId"":""groupID""}","{""ImportId"":""participantID""}","{""ImportId"":""groupSize""}","{""ImportId"":""numStages""}","{""ImportId"":""roles""}","{""ImportId"":""timeOutLog""}","{""ImportId"":""maxWaitTime""}","{""ImportId"":""botMatch""}","{""ImportId"":""matchAlert""}","{""ImportId"":""id""}","{""ImportId"":""participantRole""}","{""ImportId"":""participantStatus""}","{""ImportId"":""sendData""}","{""ImportId"":""sendStage""}","{""ImportId"":""getStage""}","{""ImportId"":""getData""}","{""ImportId"":""saveData""}","{""ImportId"":""getWaitText""}","{""ImportId"":""freezeTime""}","{""ImportId"":""chatLog""}","{""ImportId"":""chatDuration""}","{""ImportId"":""chatName""}","{""ImportId"":""chatWindowWidth""}","{""ImportId"":""chatWindowHeight""}","{""ImportId"":""chatInstructions""}"
2022-06-06 11:06:19,2022-06-06 11:06:19,2,,100,0,1,2022-06-06 11:06:19,R_0PoUCEKpKNdYssu,,,,,40.7359,-73.9904,test,,2,3,8,8,8,4.26,7.89,5.71,17,Dictumst viverra lorem suspendisse placerat luctus primis luctus eros leo? Cras vestibulum. Facilisis dui rhoncus.,7.71,8.34,8.77,25,0.42,2.64,8.48,19,6.81,8.77,7.73,40,1,4,856,367,Region #2,15,8,9.57,9.69,9.85,42,1.28,3.02,7.4,15,,,,,,,,,,,3.05,5.14,9.37,5,3,2,1,"Suscipit dolorem laoreet at ipsum aliquam nullam, dui auctor risus orci quis felis. Etiam porttitor.",,,,,,,,,,,,,,,,,"Dictumst a viverra praesent fusce! Porta primis phasellus, porttitor? Magnis? Per montes.",2,"Platea, iaculis suscipit rhoncus tortor platea ultrices magna auctor justo natoque.",2,Vestibulum egestas rhoncus ante pretium ullamcorper egestas pellentesque? Duis potenti.,Nibh euismod eget tortor ac vel elit quam aliquam luctus arcu.,2,1,6392NwKkvp,Study2_MoHi1,,,,4,1,"Player1-Democrat,Player2-Republican,Player3-Democrat,Player4-Republican",,600,no,yes,,,ready,participantStatus,1,1,"Player1-Democrat,Player2-Republican,Player3-Democrat,Player4-Republican","null,null,null,null",Please wait for the other participants. The chat will start soon. Do not refresh this page.,1,text,150,chatLog,900,400,Please take the next few minutes to chat with other participants about the dot task.
2022-06-06 11:06:19,2022-06-06 11:06:19,2,,100,0,1,2022-06-06 11:06:19,R_3jTObltoLsXZfN4,,,,,40.7359,-73.9904,test,,2,2,8,7,8,2.5,4.79,8.77,46,"Viverra dignissim quis justo urna ultrices aliquet, dignissim ligula. Bibendum id posuere.",6.01,9.81,6.72,20,8.96,9.88,9.13,26,3.03,6.9,9.59,39,4,4,878,74,Region #2,14,1,2.23,5.93,6.48,21,8.66,9.66,9.38,33,1,8.81,9.99,9.83,13,1,2,2,6,"Euismod elementum nonummy gravida vehicula culpa sagittis, natoque per. Pede magna ultricies. Gravida tempor.",,,,,,,,,,,,,,,,,,,,,,,,,Eleifend atque proin. Vestibulum vitae donec dolorem primis arcu! Vulputate duis rhoncus vehicula.,2,"Primis nec non augue! At. Per. Primis vulputate odio orci sapien vehicula, blandit sapien. Elit.",2,Mattis felis a cras felis nullam nulla. Sollicitudin. Fusce rutrum sodales cras sollicitudin.,"Aenean, vel ab purus integer elit facilisi eros tempora cursus orci urna.",2,2,6392NwKkvp,Study2_MoHi1,,,,4,1,"Player1-Democrat,Player2-Republican,Player3-Democrat,Player4-Republican",,600,no,yes,,Player4-Republican,ready,participantStatus,1,1,"Player1-Democrat,Player2-Republican,Player3-Democrat,Player4-Republican","null,null,null,null",Please wait for the other participants. The chat will start soon. Do not refresh this page.,1,text,150,chatLog,900,400,Please take the next few minutes to chat with other participants about the dot task.
2022-06-06 11:06:19,2022-06-06 11:06:19,2,,100,0,1,2022-06-06 11:06:19,R_41mkAQIDOovjdDE,,,,,40.7359,-73.9904,test,,2,3,7,7,8,6.33,8.1,7.24,35,Tempus quis lectus urna rutrum lacus eget lectus! Et pede.,2.49,8.94,6.12,48,7.84,9.2,9.9,46,1.08,6.6,5.73,43,1,4,487,228,Region #2,15,7,4.18,6.63,9.92,48,8.97,9.92,9,44,,,,,,,,,,,,,,,2,7,9,Laoreet temporibus porttitor ipsum phasellus nonummy imperdiet platea dictumst. Magnis gravida sem.,,,,,,,,,,,,,,,,,Sem dignissim interdum! Elit. Volutpat culpa wisi dictumst metus tempus tempor neque.,2,Augue ligula tempora tempora ultricies blandit pretium magnis malesuada sed vulputate venenatis eros eros consectetuer.,1,,"Placerat potenti culpa dolor. Laoreet. Integer. Ac? Curabitur euismod rhoncus suscipit, facilisis vehicula! Est.",2,2,6392NwKkvp,Study2_MoHi1,,,,4,1,"Player1-Democrat,Player2-Republican,Player3-Democrat,Player4-Republican",,600,no,yes,,,ready,participantStatus,1,1,"Player1-Democrat,Player2-Republican,Player3-Democrat,Player4-Republican","null,null,null,null",Please wait for the other participants. The chat will start soon. Do not refresh this page.,1,text,150,chatLog,900,400,Please take the next few minutes to chat with other participants about the dot task.
2022-06-06 11:06:19,2022-06-06 11:06:19,2,,100,0,1,2022-06-06 11:06:19,R_6PZ9Z1CmV9f8jkO,,,,,40.7359,-73.9904,test,,2,1,5,5,6,3.42,7.49,3.42,12,"Tincidunt, erat phasellus consectetuer per felis pharetra quam eget facilisi sapien magnis suspendisse.",0.71,7.86,2.18,33,9.12,9.67,9.7,38,8.3,9.04,8.42,40,1,1,854,59,Region #2,18,5,4.94,8.72,7.2,42,4.13,6.69,6,22,,,,,,,,,,,,,,,3,5,7,Laoreet. Neque phasellus. Molestie facilisis etiam. Accumsan natoque venenatis iaculis.,,,,,,,,,7.16,7.56,9.41,24,,,,,"Culpa luctus. Vulputate, magnis ligula integer proin rhoncus eleifend ultrices tortor ligula.",2,Augue potenti facilisis primis tellus elementum malesuada primis porttitor lorem cras leo.,1,,Porttitor vitae fusce. Lacus auctor odio turpis nulla. At facilisi nibh bibendum.,1,2,6392NwKkvp,Study2_MoHi1,,,,4,1,"Player1-Democrat,Player2-Republican,Player3-Democrat,Player4-Republican",,600,no,yes,,Player3-Democrat,ready,participantStatus,1,1,"Player1-Democrat,Player2-Republican,Player3-Democrat,Player4-Republican","null,null,null,null",Please wait for the other participants. The chat will start soon. Do not refresh this page.,1,text,150,chatLog,900,400,Please take the next few minutes to chat with other participants about the dot task.
2022-06-06 11:06:20,2022-06-06 11:06:20,2,,100,0,1,2022-06-06 11:06:20,R_etyaOk8ZXe3mGHk,,,,,40.7359,-73.9904,test,,2,3,6,4,6,2.78,5.02,2.95,50,Bibendum enim consequat. Primis nonummy venenatis fermentum felis lacus sollicitudin purus.,4.34,4.97,6.66,50,7.6,8,9.61,19,5.8,8.82,6.54,30,5,1,282,169,Region #1,18,8,9.48,9.52,9.48,19,4.07,5.9,8.17,11,,,,,,,,,,,,,,,3,5,6,"Sit. Ac ullamcorper accumsan aliquet morbi purus blandit, urna elit etiam.",,,,,,,,,,,,,,,,,Metus mattis enim elit malesuada. Purus ultricies a? Dui elit dolor natoque orci tempus.,1,,2,Rhoncus? Eros tortor dolor phasellus neque eu. Eu faucibus wisi vehicula vulputate.,Nulla egestas platea velit platea ultricies morbi augue? Curabitur proin? Mi.,1,2,6392NwKkvp,Study2_MoHi1,,,,4,1,"Player1-Democrat,Player2-Republican,Player3-Democrat,Player4-Republican",,600,no,yes,,,ready,participantStatus,1,1,"Player1-Democrat,Player2-Republican,Player3-Democrat,Player4-Republican","null,null,null,null",Please wait for the other participants. The chat will start soon. Do not refresh this page.,1,text,150,chatLog,900,400,Please take the next few minutes to chat with other participants about the dot task.
2022-06-06 11:06:20,2022-06-06 11:06:20,2,,100,0,1,2022-06-06 11:06:20,R_dokFshcAnOZIBvw,,,,,40.7359,-73.9904,test,,2,3,5,6,4,5.63,8.73,6.56,42,Metus molestie. Fringilla imperdiet vulputate tempora facilisi sapien sem tempora sapien rhoncus.,0.29,6.51,8.31,30,5.03,6.84,5.16,24,6.09,9.84,7.08,3,4,3,106,108,Region #1,17,6,1.57,4.95,5.13,15,1.77,9.38,3.4,18,,,,,,,,,,,8,9.64,9.9,43,2,4,5,Porta nulla ultricies mauris non. Auctor eros morbi tempor. Imperdiet augue.,,,,,,,,,,,,,,,,,Per laoreet. Lectus porta laoreet sem sagittis tortor! Nec ac.,1,,1,,Felis potenti elementum tortor ridiculus tellus? Magnis primis augue vivamus? Suspendisse fringilla.,2,2,6392NwKkvp,Study2_MoHi1,,,,4,1,"Player1-Democrat,Player2-Republican,Player3-Democrat,Player4-Republican",,600,no,yes,,,ready,participantStatus,1,1,"Player1-Democrat,Player2-Republican,Player3-Democrat,Player4-Republican","null,null,null,null",Please wait for the other participants. The chat will start soon. Do not refresh this page.,1,text,150,chatLog,900,400,Please take the next few minutes to chat with other participants about the dot task.
2022-06-06 11:06:20,2022-06-06 11:06:20,2,,100,0,1,2022-06-06 11:06:20,R_42ecD5y39ge0lG6,,,,,40.7359,-73.9904,test,,1,2,6,4,8,9.43,9.6,9.76,25,Eget accumsan aliquam diam enim euismod ut consectetuer id. Lacus ultricies velit ac viverra.,0.98,2.9,5.6,27,2.83,9.19,4.45,5,1.34,5.75,6.75,40,2,1,457,249,Region #1,17,5,2.4,5.06,5.74,45,9.93,9.99,9.96,34,,,,,,,,,,,,,,,2,2,0,Atque venenatis eu curabitur! Donec purus. Eros justo! A lacus. Justo.,,,,,8.4,9.87,9.92,15,,,,,,,,,Ipsum! Aliquet eleifend nibh! Massa amet nibh. Id leo curabitur? Suspendisse ultrices.,2,Aliquam! Odio potenti! Tortor mauris consequat ante suscipit lectus ut vulputate consequat nec.,2,Turpis dolor blandit enim mattis tempor commodo risus justo lectus odio.,Nunc fermentum amet lacus ac commodo dolorem vivamus nunc? Est eget accumsan dolorem.,2,1,6392NwKkvp,Study2_MoHi1,,,,4,1,"Player1-Democrat,Player2-Republican,Player3-Democrat,Player4-Republican",,600,no,yes,,Player2-Republican,ready,participantStatus,1,1,"Player1-Democrat,Player2-Republican,Player3-Democrat,Player4-Republican","null,null,null,null",Please wait for the other participants. The chat will start soon. Do not refresh this page.,1,text,150,chatLog,900,400,Please take the next few minutes to chat with other participants about the dot task.
2022-06-06 11:06:20,2022-06-06 11:06:20,2,,100,0,1,2022-06-06 11:06:20,R_0i8Yvhg7WEO0QC2,,,,,40.7359,-73.9904,test,,1,2,4,5,7,5.47,9.76,9.7,42,Ab ultricies quis odio eu ullamcorper. Vestibulum dolor ut accumsan elementum.,3.68,7.24,6.99,31,1.09,2.07,8.23,22,6.19,8.36,9.66,43,2,4,94,375,Region #1,16,6,8.09,8.16,10,18,6.6,8.22,8,10,1,4.63,6.97,4.65,17,1,3,5,0,"Integer porttitor accumsan, dolorem lacus nec laoreet tempor, nec primis.",,,,,,,,,,,,,,,,,,,,,,,,,Lacus etiam sagittis morbi rhoncus egestas. Nunc a vestibulum erat euismod.,1,,1,,"Sagittis. Dolorem. Aliquet, ante phasellus nec quam, ante, sollicitudin purus imperdiet placerat commodo.",2,2,6392NwKkvp,Study2_MoHi1,,,,4,1,"Player1-Democrat,Player2-Republican,Player3-Democrat,Player4-Republican",,600,no,yes,,Player4-Republican,ready,participantStatus,1,1,"Player1-Democrat,Player2-Republican,Player3-Democrat,Player4-Republican","null,null,null,null",Please wait for the other participants. The chat will start soon. Do not refresh this page.,1,text,150,chatLog,900,400,Please take the next few minutes to chat with other participants about the dot task.
2022-06-06 11:06:20,2022-06-06 11:06:20,2,,100,0,1,2022-06-06 11:06:21,R_42RIU8r3EwdEFa6,,,,,40.7359,-73.9904,test,,1,3,8,6,7,9.4,9.79,9.8,14,"Justo lectus ullamcorper et natoque odio quis commodo ridiculus egestas culpa sagittis, leo, scelerisque primis.",3.49,5.63,3.57,0,4.35,5.22,4.67,41,5.06,6.62,5.98,12,1,3,518,360,Region #2,15,7,6.45,9.53,9.1,29,7.23,7.58,8.98,24,,,,,,,,,,,,,,,3,5,1,Posuere viverra cras montes donec ullamcorper! Nulla elementum luctus risus eu ligula risus.,,,,,,,,,,,,,,,,,"Primis rutrum turpis atque, aliquam culpa phasellus accusamus? Massa auctor amet phasellus.",1,,2,Culpa commodo malesuada id facilisi nonummy culpa sem vitae rutrum ab nullam arcu cras facilisis.,Lacus montes eros. Suspendisse mattis velit neque non cursus dapibus montes.,2,2,6392NwKkvp,Study2_MoHi1,,,,4,1,"Player1-Democrat,Player2-Republican,Player3-Democrat,Player4-Republican",,600,no,yes,,,ready,participantStatus,1,1,"Player1-Democrat,Player2-Republican,Player3-Democrat,Player4-Republican","null,null,null,null",Please wait for the other participants. The chat will start soon. Do not refresh this page.,1,text,150,chatLog,900,400,Please take the next few minutes to chat with other participants about the dot task.
2022-06-06 11:06:21,2022-06-06 11:06:21,2,,100,0,1,2022-06-06 11:06:21,R_a9IkyngO6nWFGDk,,,,,40.7359,-73.9904,test,,1,3,6,5,7,1.85,4.97,8.4,19,In. Risus cursus cursus vulputate posuere imperdiet eleifend tincidunt mi.,6.91,9.86,9.47,48,4.98,5.19,8.66,28,5.01,7.36,8.31,4,1,4,375,434,Region #1,17,8,4.55,7.56,5.71,22,5.18,8.89,9.87,46,,,,,,,,,,,,,,,1,5,1,Tempus porttitor volutpat felis nec iaculis tempora! Posuere eleifend enim. Ante platea.,,,,,,,,,,,,,,,,,Morbi dignissim convallis dapibus culpa maecenas viverra quis nec cursus.,1,,1,,Convallis ridiculus accusamus fusce? Curabitur gravida mi malesuada mauris? Integer laoreet vivamus luctus risus duis.,2,2,6392NwKkvp,Study2_MoHi1,,,,4,1,"Player1-Democrat,Player2-Republican,Player3-Democrat,Player4-Republican",,600,no,yes,,,ready,participantStatus,1,1,"Player1-Democrat,Player2-Republican,Player3-Democrat,Player4-Republican","null,null,null,null",Please wait for the other participants. The chat will start soon. Do not refresh this page.,1,text,150,chatLog,900,400,Please take the next few minutes to chat with other participants about the dot task.
2022-06-06 11:06:21,2022-06-06 11:06:21,2,,100,0,1,2022-06-06 11:06:21,R_8qZbGk0pMqQXD3E,,,,,40.7359,-73.9904,test,,2,3,7,4,8,3.3,3.85,4.73,43,In primis porta volutpat. Augue morbi phasellus convallis maecenas euismod cras morbi.,6.29,9.9,7.84,50,5,7.84,8.86,40,3.12,5.32,5.74,7,5,1,418,305,Region #1,15,9,9.56,9.72,9.91,46,9.64,9.87,9.7,14,1,6.7,9.59,9.93,39,2,1,1,1,"Per luctus sit ultrices laoreet, elit lorem augue enim dapibus ultricies sapien.",,,,,,,,,,,,,,,,,,,,,,,,,"Accusamus? Sit aliquam risus at, purus nunc sem sit vehicula? Facilisi, per.",2,Cras atque laoreet! Aenean cras? Eu quis ante primis scelerisque accusamus.,2,Pharetra etiam rutrum. Orci! Commodo venenatis neque dignissim sagittis in. Pharetra sollicitudin montes? Auctor phasellus.,Montes ullamcorper pharetra porta dictumst tempor molestie tortor odio fusce. Rutrum convallis consequat nulla.,2,2,6392NwKkvp,Study2_MoHi1,,,,4,1,"Player1-Democrat,Player2-Republican,Player3-Democrat,Player4-Republican",,600,no,yes,,,ready,participantStatus,1,1,"Player1-Democrat,Player2-Republican,Player3-Democrat,Player4-Republican","null,null,null,null",Please wait for the other participants. The chat will start soon. Do not refresh this page.,1,text,150,chatLog,900,400,Please take the next few minutes to chat with other participants about the dot task.
2022-06-06 11:06:21,2022-06-06 11:06:21,2,,100,0,1,2022-06-06 11:06:21,R_1zTnmItCQgAQAce,,,,,40.7359,-73.9904,test,,1,3,8,5,8,0.19,6.74,6.72,42,"Vulputate aenean ipsum volutpat, ac sagittis fusce in, blandit odio facilisi ullamcorper et leo atque.",6.04,8.75,6.53,47,8.8,9.92,9.78,37,9.14,9.2,9.89,20,4,2,514,172,Region #2,18,5,9.19,9.57,9.3,39,0.51,3.96,6.5,21,,,,,,,,,,,8.25,9.06,9.44,47,2,3,4,Gravida lorem dapibus id venenatis duis tempor mattis amet eros nullam ante pretium. Potenti tempus.,,,,,,,,,,,,,,,,,Volutpat! Auctor! Nibh orci elit nibh gravida vitae luctus venenatis ab vulputate viverra nunc.,1,,2,Porta dictumst dignissim? Tempor consectetuer? Atque phasellus quam ridiculus vitae.,Atque dapibus. Lacus? Et at rhoncus sagittis neque eget scelerisque ab purus mi.,2,2,6392NwKkvp,Study2_MoHi1,,,,4,1,"Player1-Democrat,Player2-Republican,Player3-Democrat,Player4-Republican",,600,no,yes,,,ready,participantStatus,1,1,"Player1-Democrat,Player2-Republican,Player3-Democrat,Player4-Republican","null,null,null,null",Please wait for the other participants. The chat will start soon. Do not refresh this page.,1,text,150,chatLog,900,400,Please take the next few minutes to chat with other participants about the dot task.
2022-06-06 11:06:21,2022-06-06 11:06:21,2,,100,0,1,2022-06-06 11:06:21,R_6m0Xl7eJ3ghWtOm,,,,,40.7359,-73.9904,test,,1,3,5,5,6,0.02,2.83,0.27,28,"Vel eleifend lacus. Enim? Ligula! Nullam dui rhoncus, quis etiam. Aliquet commodo amet tempora.",8.02,8.22,8.03,31,6,6.98,7.62,21,4.46,9.3,8.32,26,4,1,516,22,Region #2,14,2,8.62,9.49,9.22,21,0.39,2.45,1.41,37,,,,,,,,,,,2.56,3.93,9.34,14,2,5,4,Accusamus quis porttitor aliquam consequat non magnis mi dapibus! Volutpat consectetuer.,,,,,,,,,,,,,,,,,Lacus! Accumsan euismod mauris magna sagittis convallis vivamus euismod? Vulputate at molestie scelerisque per tempor.,2,"Ultrices, platea! Sed rutrum per aliquet felis primis sollicitudin sem? Rutrum vel posuere facilisis aenean.",1,,Vitae quam. Sapien pede. Dictumst proin. Erat phasellus montes felis at dui! Mattis.,1,1,6392NwKkvp,Study2_MoHi1,,,,4,1,"Player1-Democrat,Player2-Republican,Player3-Democrat,Player4-Republican",,600,no,yes,,,ready,participantStatus,1,1,"Player1-Democrat,Player2-Republican,Player3-Democrat,Player4-Republican","null,null,null,null",Please wait for the other participants. The chat will start soon. Do not refresh this page.,1,text,150,chatLog,900,400,Please take the next few minutes to chat with other participants about the dot task.
2022-06-06 11:06:21,2022-06-06 11:06:21,2,,100,0,1,2022-06-06 11:06:21,R_5tcTuuwIakCiCA6,,,,,40.7359,-73.9904,test,,1,3,4,7,5,1.01,3.35,2.27,33,"Elit nibh blandit velit, quis, luctus potenti venenatis pellentesque. Tempor. Mauris curabitur at. Eget.",7.65,7.7,9.35,7,2.43,7.75,5.98,25,9.15,9.5,9.3,8,2,3,939,14,Other,18,9,4.9,8.45,8.54,2,7.66,9.12,9.15,38,,,,,,,,,,,,,,,2,5,7,Erat mauris quis egestas facilisis ac pharetra ligula ipsum augue urna.,,,,,,,,,,,,,,,,,Commodo justo pellentesque accumsan magnis. Ipsum aliquet natoque dolor nibh.,2,Dolor malesuada rutrum. Convallis. Dui vivamus sapien wisi dignissim gravida duis nullam. Arcu ultrices mattis.,1,,Rhoncus lacus volutpat tortor. Culpa natoque proin pharetra nibh vitae cras.,1,1,6392NwKkvp,Study2_MoHi1,,,,4,1,"Player1-Democrat,Player2-Republican,Player3-Democrat,Player4-Republican",,600,no,yes,,,ready,participantStatus,1,1,"Player1-Democrat,Player2-Republican,Player3-Democrat,Player4-Republican","null,null,null,null",Please wait for the other participants. The chat will start soon. Do not refresh this page.,1,text,150,chatLog,900,400,Please take the next few minutes to chat with other participants about the dot task.
2022-06-06 11:06:21,2022-06-06 11:06:22,2,,100,1,1,2022-06-06 11:06:22,R_cOqU2dVAXh9mslw,,,,,40.7359,-73.9904,test,,2,2,7,6,4,1.69,2.76,6.28,40,"Venenatis. Molestie lectus vestibulum? Sit. Temporibus! Augue! Platea, mattis massa.",9.03,9.08,9.73,45,0.14,3.72,3.56,42,7.31,9.21,9.15,4,2,2,492,156,Region #2,17,8,7.47,8.59,9.53,42,2.1,9.14,7.64,14,,,,,,,,,,,,,,,1,5,10,Ligula sagittis? Vitae ultricies bibendum dolorem tempus neque rutrum nullam. In rutrum ante. Scelerisque.,,,,,0.29,3.31,5.63,23,,,,,,,,,Maecenas etiam. Faucibus turpis ullamcorper blandit fermentum sem non arcu viverra. Porta luctus turpis.,1,,2,Consectetuer. Rhoncus ridiculus ipsum vitae etiam. Convallis placerat dictumst accumsan mi vestibulum sodales turpis.,"Primis ac vestibulum dictumst! Posuere ut quam dictumst aenean ultrices interdum fusce, placerat luctus.",1,2,6392NwKkvp,Study2_MoHi1,,,,4,1,"Player1-Democrat,Player2-Republican,Player3-Democrat,Player4-Republican",,600,no,yes,,Player2-Republican,ready,participantStatus,1,1,"Player1-Democrat,Player2-Republican,Player3-Democrat,Player4-Republican","null,null,null,null",Please wait for the other participants. The chat will start soon. Do not refresh this page.,1,text,150,chatLog,900,400,Please take the next few minutes to chat with other participants about the dot task.
2022-06-06 11:06:22,2022-06-06 11:06:22,2,,100,0,1,2022-06-06 11:06:22,R_1ZK3zNb7dKtBJZ4,,,,,40.7359,-73.9904,test,,1,3,5,5,5,9.73,9.91,9.89,3,Auctor pretium tempor. Consequat nonummy suscipit eget porttitor mauris suscipit? Pede vestibulum dapibus ut.,4.99,8.12,6.56,28,9.42,9.78,9.45,3,4.71,6.96,7.26,15,5,4,245,46,Region #1,16,5,2.81,9.29,9.41,31,8.51,9.02,9.93,48,1,1.65,4.4,7.96,15,1,1,5,8,"Tellus etiam wisi ridiculus atque auctor non natoque, nonummy felis, lorem posuere.",,,,,,,,,,,,,,,,,,,,,,,,,Magnis vel viverra lectus dolor duis faucibus viverra curabitur. Culpa eleifend.,2,"Sapien id ultrices, nullam euismod morbi ridiculus consectetuer. Ultricies! Atque platea sem.",2,Dignissim dolorem facilisis quis natoque ipsum per ac tempora dolor fermentum non.,"Posuere sapien. Felis dictumst suscipit ultricies vitae nullam rhoncus, ligula mi pellentesque. Sodales.",1,1,6392NwKkvp,Study2_MoHi1,,,,4,1,"Player1-Democrat,Player2-Republican,Player3-Democrat,Player4-Republican",,600,no,yes,,,ready,participantStatus,1,1,"Player1-Democrat,Player2-Republican,Player3-Democrat,Player4-Republican","null,null,null,null",Please wait for the other participants. The chat will start soon. Do not refresh this page.,1,text,150,chatLog,900,400,Please take the next few minutes to chat with other participants about the dot task.
2022-06-06 11:06:22,2022-06-06 11:06:22,2,,100,0,1,2022-06-06 11:06:22,R_5dNFBeBI1NKJnG6,,,,,40.7359,-73.9904,test,,2,1,8,6,7,1.29,3.32,8.79,9,Ullamcorper ultrices eu wisi porta sagittis facilisis ullamcorper mauris pharetra ut.,9.83,9.97,9.84,22,8.04,8.95,8.22,18,6.6,9.18,9.43,0,4,5,662,8,Other,18,1,5.1,9.6,8.31,33,8.28,8.5,9.62,37,,,,,,,,,,,,,,,2,4,7,Diam commodo malesuada malesuada viverra risus viverra in mattis morbi.,,,,,,,,,,,,,5.99,7.53,9.8,45,Nec! Volutpat tellus mi. Vivamus. Vel vivamus dolorem. Convallis vitae.,2,Cursus! Primis sem lacus metus posuere ante orci tellus. Vivamus porta.,1,,Eget! Etiam velit dignissim. Magna phasellus faucibus ab a curabitur.,2,2,6392NwKkvp,Study2_MoHi1,,,,4,1,"Player1-Democrat,Player2-Republican,Player3-Democrat,Player4-Republican",,600,no,yes,,Player1-Democrat,ready,participantStatus,1,1,"Player1-Democrat,Player2-Republican,Player3-Democrat,Player4-Republican","null,null,null,null",Please wait for the other participants. The chat will start soon. Do not refresh this page.,1,text,150,chatLog,900,400,Please take the next few minutes to chat with other participants about the dot task.
2022-06-06 11:06:22,2022-06-06 11:06:22,2,,100,0,1,2022-06-06 11:06:22,R_eRQgZzE4Uripxf8,,,,,40.7359,-73.9904,test,,2,3,6,8,4,6.44,9.1,9.77,43,"Ut. Erat imperdiet faucibus vulputate, laoreet felis pede morbi ac nec? Leo primis euismod.",8.83,9.84,8.99,9,3.38,4.25,3.93,45,1.19,5.33,2.12,25,5,4,896,378,Region #2,15,9,9.28,9.91,9.33,36,6.99,9.99,8.59,15,,,,,,,,,,,,,,,3,2,2,"Felis, suspendisse commodo rhoncus ante facilisis dolor ut proin et posuere malesuada.",,,,,,,,,,,,,,,,,"Magnis nonummy leo, commodo. Tempus luctus. Mattis? Per. Etiam! Faucibus diam.",1,,1,,"Sem, dui dolorem sed enim luctus, ridiculus fermentum metus lorem justo! Atque potenti nunc.",2,1,6392NwKkvp,Study2_MoHi1,,,,4,1,"Player1-Democrat,Player2-Republican,Player3-Democrat,Player4-Republican",,600,no,yes,,,ready,participantStatus,1,1,"Player1-Democrat,Player2-Republican,Player3-Democrat,Player4-Republican","null,null,null,null",Please wait for the other participants. The chat will start soon. Do not refresh this page.,1,text,150,chatLog,900,400,Please take the next few minutes to chat with other participants about the dot task.
2022-06-06 11:06:22,2022-06-06 11:06:23,2,,100,1,1,2022-06-06 11:06:23,R_9S4DPpq0FUL5pA2,,,,,40.7359,-73.9904,test,,2,2,6,4,6,5.51,6.58,9.69,24,"Malesuada fermentum metus dictumst velit curabitur consectetuer, rutrum diam tincidunt vel.",5.75,7.03,8.78,4,4.21,6.94,7.19,14,4.29,5.96,5.39,28,5,1,36,431,Region #1,16,8,1.82,7.35,4.35,35,2.12,8.32,6.47,25,,,,,,,,,,,3.61,3.98,8.6,35,2,7,8,Dictumst sed aliquet rhoncus egestas felis urna dolor sagittis nullam.,,,,,,,,,,,,,,,,,Amet phasellus elementum dui diam platea facilisi porta quis tempus! Ultricies.,2,Tempor. Venenatis aliquet sapien enim et et diam auctor blandit ut dictumst.,2,Nec elementum dui tempor leo lectus pharetra. Ridiculus rutrum placerat augue id praesent primis atque.,Vel. Ut? Praesent. Facilisis dui nullam pretium auctor duis accumsan pharetra enim orci.,1,2,6392NwKkvp,Study2_MoHi1,,,,4,1,"Player1-Democrat,Player2-Republican,Player3-Democrat,Player4-Republican",,600,no,yes,,Player2-Republican,ready,participantStatus,1,1,"Player1-Democrat,Player2-Republican,Player3-Democrat,Player4-Republican","null,null,null,null",Please wait for the other participants. The chat will start soon. Do not refresh this page.,1,text,150,chatLog,900,400,Please take the next few minutes to chat with other participants about the dot task.
2022-06-06 11:06:23,2022-06-06 11:06:23,2,,100,0,1,2022-06-06 11:06:23,R_3LbMyA9OQIWOhGC,,,,,40.7359,-73.9904,test,,1,2,4,7,4,5.95,8.32,7.51,25,"Commodo in dignissim phasellus? Ridiculus vel potenti nullam cursus molestie, temporibus, massa.",7.53,8.11,9.44,26,7.49,8.52,7.63,19,3.12,7.71,5.69,20,4,1,450,360,Region #1,14,5,4.88,4.9,9.93,17,7.85,8.46,9.53,23,2,7.8,8.71,8.44,44,,1,5,3,Wisi ante! Leo magna. Vestibulum fermentum orci orci massa lacus tempora.,,,,,,,,,,,,,,,,,,,,,,,,,In scelerisque interdum dolorem. Ridiculus non tempus nec mi leo.,1,,2,"Proin dolorem sollicitudin amet nunc sed, augue potenti tempus commodo aliquet commodo fringilla.",Scelerisque accumsan accumsan dolorem pretium consectetuer. Laoreet aliquet nec dolorem dapibus facilisi ante eget aenean.,1,2,6392NwKkvp,Study2_MoHi1,,,,4,1,"Player1-Democrat,Player2-Republican,Player3-Democrat,Player4-Republican",,600,no,yes,,Player2-Republican,ready,participantStatus,1,1,"Player1-Democrat,Player2-Republican,Player3-Democrat,Player4-Republican","null,null,null,null",Please wait for the other participants. The chat will start soon. Do not refresh this page.,1,text,150,chatLog,900,400,Please take the next few minutes to chat with other participants about the dot task.
2022-06-06 11:06:23,2022-06-06 11:06:23,2,,100,0,1,2022-06-06 11:06:23,R_8GGFeZzTdH1Grvo,,,,,40.7359,-73.9904,test,,2,1,7,5,4,5.89,9.7,6.07,18,Morbi nulla dignissim quis pretium! Porttitor. Enim tellus elementum? Dictumst phasellus.,7.8,8.15,8.59,4,8.18,8.85,8.41,29,7.02,8.37,7.63,12,1,5,386,453,Region #1,14,5,0.28,0.7,0.77,3,8.11,9.61,9.38,49,1,0.59,5.97,5.66,42,1,2,7,5,Morbi. Venenatis ligula egestas sapien morbi praesent auctor orci bibendum neque fusce natoque sed massa.,,,,,,,,,,,,,,,,,,,,,,,,,Mauris sodales? Magna per laoreet tempor tellus mauris commodo accusamus? Magna. Laoreet ultrices ac.,1,,1,,"Non. Pharetra cras, massa nibh sed, quam leo atque neque justo.",2,1,6392NwKkvp,Study2_MoHi1,,,,4,1,"Player1-Democrat,Player2-Republican,Player3-Democrat,Player4-Republican",,600,no,yes,,Player3-Democrat,ready,participantStatus,1,1,"Player1-Democrat,Player2-Republican,Player3-Democrat,Player4-Republican","null,null,null,null",Please wait for the other participants. The chat will start soon. Do not refresh this page.,1,text,150,chatLog,900,400,Please take the next few minutes to chat with other participants about the dot task.
2022-06-06 11:06:23,2022-06-06 11:06:23,2,,100,0,1,2022-06-06 11:06:23,R_9Xl3M9zeaRTJOuO,,,,,40.7359,-73.9904,test,,2,2,4,6,6,4.7,6.86,5.55,36,Ligula cras venenatis placerat. Etiam maecenas euismod? Blandit pellentesque tincidunt ridiculus id euismod. Neque. Orci.,3.85,7.26,5.54,21,4.86,6.49,8.88,30,9.31,9.75,9.74,17,2,2,67,212,Region #1,15,9,3.2,4.22,4.44,8,9.35,9.51,9.37,30,,,,,,,,,,,,,,,1,2,4,"Ullamcorper, fermentum potenti at morbi suspendisse maecenas consectetuer suscipit, euismod pharetra.",,,,,,,,,,,,,5.1,5.63,5.41,24,Morbi volutpat facilisi metus fermentum at laoreet. Nec ipsum ac.,2,Felis tempus ac dignissim! Consequat sit rhoncus ab donec phasellus nullam leo elementum. Vivamus! Tellus.,2,Elit rhoncus ante sapien mi tempus. Culpa odio facilisis. Eu.,Dignissim primis platea nulla praesent sed ut montes interdum! Velit. Ridiculus magna culpa.,1,1,6392NwKkvp,Study2_MoHi1,,,,4,1,"Player1-Democrat,Player2-Republican,Player3-Democrat,Player4-Republican",,600,no,yes,,Player4-Republican,ready,participantStatus,1,1,"Player1-Democrat,Player2-Republican,Player3-Democrat,Player4-Republican","null,null,null,null",Please wait for the other participants. The chat will start soon. Do not refresh this page.,1,text,150,chatLog,900,400,Please take the next few minutes to chat with other participants about the dot task.
2022-06-06 11:06:23,2022-06-06 11:06:23,2,,100,0,1,2022-06-06 11:06:23,R_4Ub6FbCjnEo7AJE,,,,,40.7359,-73.9904,test,,2,3,7,4,6,4.94,5.62,5.62,21,Ligula elementum ac ac? Dapibus ultricies? Venenatis fusce. Viverra ullamcorper magnis posuere cursus.,3.95,8.68,9.23,5,9.11,9.2,9.7,24,3.31,3.54,5.83,12,4,4,517,137,Region #2,15,6,1.89,6.83,4.09,28,1.19,7.92,6.41,7,,,,,,,,,,,1.65,5.56,2.44,34,1,2,1,Orci turpis dui ultricies felis imperdiet platea ultricies? Scelerisque. Est dapibus tincidunt.,,,,,,,,,,,,,,,,,Elit morbi et posuere! Et interdum wisi felis neque tincidunt.,2,"Mi tortor rutrum diam morbi risus! Vel eros. Sollicitudin. Suscipit, nullam.",1,,Primis auctor. Blandit magnis. Consequat dignissim. Ipsum vestibulum? Vivamus elit dapibus.,2,1,6392NwKkvp,Study2_MoHi1,,,,4,1,"Player1-Democrat,Player2-Republican,Player3-Democrat,Player4-Republican",,600,no,yes,,,ready,participantStatus,1,1,"Player1-Democrat,Player2-Republican,Player3-Democrat,Player4-Republican","null,null,null,null",Please wait for the other participants. The chat will start soon. Do not refresh this page.,1,text,150,chatLog,900,400,Please take the next few minutes to chat with other participants about the dot task.
2022-06-06 11:06:24,2022-06-06 11:06:24,2,,100,0,1,2022-06-06 11:06:24,R_0TwHsWim0qoV7n0,,,,,40.7359,-73.9904,test,,2,2,7,6,6,4.95,6.72,9.18,13,Quis. Luctus eu id. Metus. Nonummy turpis mauris platea rutrum consectetuer viverra blandit.,6.91,7.29,7.39,1,9.13,9.13,9.28,5,4.17,9.58,6.22,44,1,2,90,240,Region #1,14,2,5.65,5.89,7.88,6,6.79,9.44,8.84,33,,,,,,,,,,,,,,,3,5,2,Suscipit lacus. Praesent mauris culpa vehicula. Quis convallis tempor duis. Fermentum.,3.31,6.36,5.46,31,,,,,,,,,,,,,Cursus dolor lectus sem ac blandit tortor ullamcorper vestibulum interdum.,1,,2,Praesent imperdiet scelerisque morbi molestie cursus primis mauris tellus. Tortor. Integer? Pretium consectetuer. Interdum.,"Wisi sollicitudin platea. Auctor sodales per, porttitor vulputate? Diam sem.",2,2,6392NwKkvp,Study2_MoHi1,,,,4,1,"Player1-Democrat,Player2-Republican,Player3-Democrat,Player4-Republican",,600,no,yes,,Player4-Republican,ready,participantStatus,1,1,"Player1-Democrat,Player2-Republican,Player3-Democrat,Player4-Republican","null,null,null,null",Please wait for the other participants. The chat will start soon. Do not refresh this page.,1,text,150,chatLog,900,400,Please take the next few minutes to chat with other participants about the dot task.
2022-06-06 11:06:24,2022-06-06 11:06:24,2,,100,0,1,2022-06-06 11:06:24,R_5ubctFU8Alz2F4a,,,,,40.7359,-73.9904,test,,1,1,5,7,6,5.2,6.23,7.9,2,Tempor vulputate odio porttitor nibh eu nibh luctus mi faucibus.,6.08,6.87,9.28,38,8.24,8.42,8.62,45,0.82,2.64,8.25,32,5,3,932,424,Other,18,5,1.25,6.06,3.25,21,2.83,2.96,9.6,41,,,,,,,,,,,0.86,4.87,2.25,0,2,5,1,Imperdiet? Turpis magna nullam lacus dictumst duis accumsan atque aliquet vehicula. Cursus.,,,,,,,,,,,,,,,,,Nonummy tortor ultrices temporibus ultricies! Facilisis pede accusamus ipsum donec.,2,"Nulla. Laoreet, platea pede. Ligula lectus dapibus eget eu lorem auctor placerat ultricies suspendisse posuere.",2,Arcu? Tortor! Per amet duis! Curabitur. Cursus velit ut suscipit massa. Eros enim non.,Vehicula etiam risus. Vel nec posuere nonummy magna. Ab eget mauris. Vel.,1,1,6392NwKkvp,Study2_MoHi1,,,,4,1,"Player1-Democrat,Player2-Republican,Player3-Democrat,Player4-Republican",,600,no,yes,,Player3-Democrat,ready,participantStatus,1,1,"Player1-Democrat,Player2-Republican,Player3-Democrat,Player4-Republican","null,null,null,null",Please wait for the other participants. The chat will start soon. Do not refresh this page.,1,text,150,chatLog,900,400,Please take the next few minutes to chat with other participants about the dot task.
2022-06-06 11:06:24,2022-06-06 11:06:24,2,,100,0,1,2022-06-06 11:06:24,R_0fbxEg0CFhWSe7I,,,,,40.7359,-73.9904,test,,1,3,8,6,5,7.48,8.03,7.69,48,"Sed vivamus volutpat fusce auctor justo magnis vehicula pede, phasellus elementum pellentesque.",9.83,9.95,9.98,43,4.15,7.85,7.85,38,6.71,8.71,7.89,43,5,2,239,202,Region #1,18,6,2.7,7.54,2.81,29,4.52,8.74,8.76,36,1,5.81,8.22,9.48,32,2,1,2,2,"Montes sed, neque? Iaculis potenti ab sed faucibus bibendum nunc.",,,,,,,,,,,,,,,,,,,,,,,,,Sed sem viverra non? Lectus aliquet arcu vel. Nec arcu orci in.,2,Pharetra pretium odio? Phasellus nullam commodo pede dui? Quam culpa. Proin diam vulputate! Suscipit lorem.,2,Ab sodales faucibus pharetra! Pretium cursus etiam sagittis temporibus vehicula quam fermentum fusce facilisis rutrum.,Viverra! Orci magnis pede pellentesque. Nunc sem temporibus integer viverra nibh. Culpa.,2,1,6392NwKkvp,Study2_MoHi1,,,,4,1,"Player1-Democrat,Player2-Republican,Player3-Democrat,Player4-Republican",,600,no,yes,,,ready,participantStatus,1,1,"Player1-Democrat,Player2-Republican,Player3-Democrat,Player4-Republican","null,null,null,null",Please wait for the other participants. The chat will start soon. Do not refresh this page.,1,text,150,chatLog,900,400,Please take the next few minutes to chat with other participants about the dot task.
2022-06-06 11:06:24,2022-06-06 11:06:25,2,,100,1,1,2022-06-06 11:06:25,R_cNHmtjDXT5ZFU8K,,,,,40.7359,-73.9904,test,,2,3,8,8,6,7.8,8.29,8.2,32,"Est lectus natoque nec auctor! Tempora, potenti sagittis ultrices. Fusce.",6.96,8.63,9.82,38,8.93,9.61,9.1,27,0.16,0.57,6.12,31,2,1,931,173,Other,18,1,6.87,7.98,7.66,4,6.86,8.82,7.49,38,,,,,,,,,,,,,,,3,6,7,Luctus neque ab. Nullam metus. Temporibus blandit dignissim felis integer? Phasellus fringilla.,,,,,,,,,,,,,,,,,Aliquam dolorem culpa montes cras primis mattis tempora consectetuer per malesuada iaculis. Iaculis odio erat.,1,,2,"Sit wisi diam suspendisse interdum rhoncus, mi vivamus wisi commodo ipsum gravida. Accumsan vulputate a.",Tortor. Consectetuer posuere? Wisi nulla interdum suscipit purus facilisi ultricies pharetra elementum. Ut accumsan.,2,2,6392NwKkvp,Study2_MoHi1,,,,4,1,"Player1-Democrat,Player2-Republican,Player3-Democrat,Player4-Republican",,600,no,yes,,,ready,participantStatus,1,1,"Player1-Democrat,Player2-Republican,Player3-Democrat,Player4-Republican","null,null,null,null",Please wait for the other participants. The chat will start soon. Do not refresh this page.,1,text,150,chatLog,900,400,Please take the next few minutes to chat with other participants about the dot task.
2022-06-06 11:06:25,2022-06-06 11:06:25,2,,100,0,1,2022-06-06 11:06:25,R_0J4liJO6qZOhLF4,,,,,40.7359,-73.9904,test,,2,2,7,4,5,4.09,7.22,6.18,4,"Nunc iaculis, est faucibus volutpat vulputate curabitur consequat culpa nibh quam? Lacus bibendum dui.",1.15,6.51,3.45,49,8.1,9.32,8.89,35,3.9,9.83,4.58,50,4,5,485,461,Other,16,1,7.16,7.21,9.9,22,0.71,4.29,4.91,25,,,,,,,,,,,,,,,2,7,5,Suspendisse! Molestie? Metus dolorem imperdiet cursus rhoncus ullamcorper. Fusce natoque cras magnis.,0.24,6.14,6.2,0,,,,,,,,,,,,,Nec eleifend pede culpa lectus sed leo mi ipsum? Donec proin ante et egestas.,2,Diam magnis suspendisse sollicitudin elit mi rhoncus eros elit sed.,1,,Sagittis viverra wisi euismod? Amet lorem ridiculus ullamcorper ultrices. Consectetuer a? Convallis at! Pellentesque.,2,2,6392NwKkvp,Study2_MoHi1,,,,4,1,"Player1-Democrat,Player2-Republican,Player3-Democrat,Player4-Republican",,600,no,yes,,Player4-Republican,ready,participantStatus,1,1,"Player1-Democrat,Player2-Republican,Player3-Democrat,Player4-Republican","null,null,null,null",Please wait for the other participants. The chat will start soon. Do not refresh this page.,1,text,150,chatLog,900,400,Please take the next few minutes to chat with other participants about the dot task.
2022-06-06 11:06:25,2022-06-06 11:06:25,2,,100,0,1,2022-06-06 11:06:25,R_6WIMcz1KSuUKfpc,,,,,40.7359,-73.9904,test,,2,3,5,6,5,5.51,9.37,6.93,2,Venenatis dolor ultricies porttitor enim luctus ante! Posuere. Porta odio tempor dui.,8.67,8.79,9.14,36,4.24,4.44,8.4,47,8.23,8.24,8.69,31,2,2,556,289,Region #2,17,1,7.86,8.57,9.63,0,5.99,9.57,7.83,45,,,,,,,,,,,,,,,2,6,7,"Aenean eros, eu! Magnis sollicitudin auctor metus? Nulla fermentum. Nibh. Accusamus atque ab.",,,,,,,,,,,,,,,,,"Laoreet dolor tincidunt iaculis volutpat vestibulum nulla lorem, consectetuer vestibulum.",2,"Enim imperdiet porta duis suspendisse placerat posuere, a leo tempor pharetra platea, placerat.",1,,"Eros ab! Ligula bibendum vel nonummy! Pede natoque pharetra ligula? Justo, gravida magnis.",2,1,6392NwKkvp,Study2_MoHi1,,,,4,1,"Player1-Democrat,Player2-Republican,Player3-Democrat,Player4-Republican",,600,no,yes,,,ready,participantStatus,1,1,"Player1-Democrat,Player2-Republican,Player3-Democrat,Player4-Republican","null,null,null,null",Please wait for the other participants. The chat will start soon. Do not refresh this page.,1,text,150,chatLog,900,400,Please take the next few minutes to chat with other participants about the dot task.
2022-06-06 11:06:25,2022-06-06 11:06:25,2,,100,0,1,2022-06-06 11:06:25,R_0fHyPKzB7s6ZoPQ,,,,,40.7359,-73.9904,test,,2,3,5,8,8,2.13,4.57,2.56,45,"Phasellus at lacus enim dignissim, ab. Orci at atque sollicitudin, eget curabitur enim.",4.01,4.9,8.45,22,8.04,9.08,9.7,26,9.95,9.96,9.97,0,1,5,727,79,Region #2,16,9,5.93,6.67,7.94,12,4.2,5.05,9.91,41,,,,,,,,,,,,,,,3,3,3,Dapibus! Euismod augue scelerisque imperdiet aliquet lorem aliquet curabitur augue.,,,,,,,,,,,,,,,,,Mattis eu vehicula sem rhoncus? Diam suscipit platea felis etiam eu.,1,,2,"Primis bibendum potenti cras mattis lacus nonummy, wisi aliquam ac. Nonummy temporibus. Ac viverra nunc.",Curabitur ridiculus magna sagittis! Ullamcorper vel. Sapien quam maecenas ultrices metus magnis maecenas non.,1,2,6392NwKkvp,Study2_MoHi1,,,,4,1,"Player1-Democrat,Player2-Republican,Player3-Democrat,Player4-Republican",,600,no,yes,,,ready,participantStatus,1,1,"Player1-Democrat,Player2-Republican,Player3-Democrat,Player4-Republican","null,null,null,null",Please wait for the other participants. The chat will start soon. Do not refresh this page.,1,text,150,chatLog,900,400,Please take the next few minutes to chat with other participants about the dot task.
2022-06-06 11:06:25,2022-06-06 11:06:25,2,,100,0,1,2022-06-06 11:06:25,R_2nouUpJPS9LPlDE,,,,,40.7359,-73.9904,test,,2,2,5,5,7,7.64,8.45,7.67,0,"Cras urna, diam. At aliquam scelerisque arcu. Curabitur aenean, dapibus.",7.56,8.39,8.46,19,7.16,8.43,9.23,39,4.28,5.74,7.72,31,1,3,774,398,Region #2,18,7,5.26,7.61,9.85,32,6.49,9.02,9.13,29,2,1.31,4.87,9.1,0,,3,4,8,"Tempora consectetuer tortor. Diam ab. Vivamus donec ut molestie, praesent cursus montes. Dignissim.",,,,,,,,,,,,,,,,,,,,,,,,,Vulputate sapien ut sit commodo maecenas vel aliquet consequat! Nunc? Ultricies laoreet vehicula.,1,,1,,"Accusamus ante? Etiam magna temporibus. Ullamcorper, atque culpa ridiculus potenti.",2,1,6392NwKkvp,Study2_MoHi1,,,,4,1,"Player1-Democrat,Player2-Republican,Player3-Democrat,Player4-Republican",,600,no,yes,,Player4-Republican,ready,participantStatus,1,1,"Player1-Democrat,Player2-Republican,Player3-Democrat,Player4-Republican","null,null,null,null",Please wait for the other participants. The chat will start soon. Do not refresh this page.,1,text,150,chatLog,900,400,Please take the next few minutes to chat with other participants about the dot task.
2022-06-06 11:06:25,2022-06-06 11:06:26,2,,100,1,1,2022-06-06 11:06:26,R_9zR8oS6hKrWRZYi,,,,,40.7359,-73.9904,test,,1,1,6,4,8,6.44,6.96,7.42,14,"Nulla phasellus? Tempora ullamcorper primis aenean quam, etiam odio, dolor curabitur tortor, eleifend.",1.35,3.74,5.58,7,3.97,4.46,6.08,7,7.28,7.69,9.03,34,4,1,453,148,Region #1,17,5,9.09,9.9,9.96,42,1.5,4.48,9,5,,,,,,,,,,,5.76,7.67,7.97,29,2,1,7,"At ridiculus tortor, arcu, duis suspendisse pretium! Sodales nulla donec imperdiet aenean blandit.",,,,,,,,,,,,,,,,,Massa mi viverra venenatis. Augue elementum turpis nullam posuere ac accumsan vel in egestas.,1,,2,Ligula! Ab? Ut risus vivamus magnis potenti accusamus temporibus proin neque viverra. Magnis amet sodales.,"Venenatis nunc in ridiculus, purus vehicula gravida vestibulum turpis euismod consequat arcu.",1,2,6392NwKkvp,Study2_MoHi1,,,,4,1,"Player1-Democrat,Player2-Republican,Player3-Democrat,Player4-Republican",,600,no,yes,,Player1-Democrat,ready,participantStatus,1,1,"Player1-Democrat,Player2-Republican,Player3-Democrat,Player4-Republican","null,null,null,null",Please wait for the other participants. The chat will start soon. Do not refresh this page.,1,text,150,chatLog,900,400,Please take the next few minutes to chat with other participants about the dot task.
2022-06-06 11:06:26,2022-06-06 11:06:26,2,,100,0,1,2022-06-06 11:06:26,R_b3L1FOtyyc6sKwK,,,,,40.7359,-73.9904,test,,2,2,7,4,8,0,0.45,0.08,10,"Venenatis ridiculus blandit, luctus accusamus natoque aliquet, leo rhoncus. Metus.",3.63,8.5,5.96,10,4.2,9.2,7.95,34,0.65,6.28,5.41,35,4,5,560,99,Region #2,16,6,0.67,5.14,7.67,31,9.13,9.41,9.19,31,,,,,,,,,,,,,,,1,4,9,Morbi ridiculus a porttitor at. Ultricies neque egestas cursus at.,,,,,,,,,1.24,4.22,8.16,25,,,,,Auctor nullam facilisis porta montes! Nunc! Proin eu wisi! At.,1,,1,,Elementum pede rhoncus dui culpa laoreet. Faucibus nec odio vivamus fusce. Accumsan.,2,1,6392NwKkvp,Study2_MoHi1,,,,4,1,"Player1-Democrat,Player2-Republican,Player3-Democrat,Player4-Republican",,600,no,yes,,Player2-Republican,ready,participantStatus,1,1,"Player1-Democrat,Player2-Republican,Player3-Democrat,Player4-Republican","null,null,null,null",Please wait for the other participants. The chat will start soon. Do not refresh this page.,1,text,150,chatLog,900,400,Please take the next few minutes to chat with other participants about the dot task.
2022-06-06 11:06:26,2022-06-06 11:06:26,2,,100,0,1,2022-06-06 11:06:26,R_9ujeyFHxrAIcZNQ,,,,,40.7359,-73.9904,test,,2,3,4,6,7,9.83,9.84,9.93,8,"Platea culpa viverra tempus primis donec suscipit primis ante ipsum, sagittis a.",5.2,5.79,6.73,2,9.07,9.82,9.14,35,1.68,4.6,4.53,27,5,4,28,154,Region #1,15,2,8.16,8.18,8.65,48,8.36,9.72,9.67,48,1,3.41,7.51,5.07,42,2,1,6,8,Amet consectetuer duis porttitor magnis? A vehicula. Mi suspendisse. Malesuada.,,,,,,,,,,,,,,,,,,,,,,,,,"Gravida maecenas natoque nulla consectetuer, quam imperdiet vitae malesuada sagittis dui auctor vehicula.",1,,1,,Augue tempora eget. Magna pretium diam vulputate facilisis? In platea accusamus! Pede curabitur.,1,1,6392NwKkvp,Study2_MoHi1,,,,4,1,"Player1-Democrat,Player2-Republican,Player3-Democrat,Player4-Republican",,600,no,yes,,,ready,participantStatus,1,1,"Player1-Democrat,Player2-Republican,Player3-Democrat,Player4-Republican","null,null,null,null",Please wait for the other participants. The chat will start soon. Do not refresh this page.,1,text,150,chatLog,900,400,Please take the next few minutes to chat with other participants about the dot task.
2022-06-06 11:06:26,2022-06-06 11:06:26,2,,100,0,1,2022-06-06 11:06:26,R_3luZfViLk1jMWlo,,,,,40.7359,-73.9904,test,,2,3,8,6,7,0.84,9.48,8.22,32,Morbi porta elementum. Fringilla ultricies at augue vestibulum? Tempor. Volutpat viverra atque.,2.21,3.22,4.34,42,0.81,5.08,6.94,2,2.52,6.47,8.78,35,4,2,885,373,Region #2,16,5,5.41,8.67,7.08,6,1.96,9.93,5.79,36,,,,,,,,,,,,,,,2,1,7,Sagittis? Nulla venenatis. Ipsum lorem cursus? A. Iaculis maecenas suspendisse interdum nullam ligula morbi.,,,,,,,,,,,,,,,,,Ipsum augue commodo molestie! Euismod neque? Duis natoque donec commodo arcu. Dictumst nunc diam volutpat.,2,"Quam lectus magnis suscipit nonummy, donec ac tellus. Magnis ultrices donec pellentesque ultricies porta nec.",2,Turpis? Wisi magna! Magnis arcu mi tellus fermentum eget eu ut! Donec malesuada.,"Consectetuer dolorem dolor ac, integer eleifend potenti at ac aenean.",1,2,6392NwKkvp,Study2_MoHi1,,,,4,1,"Player1-Democrat,Player2-Republican,Player3-Democrat,Player4-Republican",,600,no,yes,,,ready,participantStatus,1,1,"Player1-Democrat,Player2-Republican,Player3-Democrat,Player4-Republican","null,null,null,null",Please wait for the other participants. The chat will start soon. Do not refresh this page.,1,text,150,chatLog,900,400,Please take the next few minutes to chat with other participants about the dot task.
2022-06-06 11:06:26,2022-06-06 11:06:26,2,,100,0,1,2022-06-06 11:06:26,R_0BWkUy153ez1Js2,,,,,40.7359,-73.9904,test,,1,2,6,4,6,9.03,9.53,9.44,37,Temporibus vivamus volutpat arcu ab facilisis. Arcu malesuada erat! Mattis risus quis.,7.9,8.13,9.23,28,7.05,7.57,9.92,16,8.68,8.93,9.16,16,2,3,491,396,Region #2,18,1,6.91,9.15,7.55,4,3.07,5.99,8.2,47,,,,,,,,,,,9.41,9.49,9.77,16,1,2,0,Quis luctus atque facilisi pede imperdiet sodales per nonummy accusamus rhoncus vulputate sem sed.,,,,,,,,,,,,,,,,,Vulputate rutrum arcu in in id massa tempora atque cras? Non! Ultrices tellus vehicula sed.,1,,1,,Ipsum enim eros laoreet non ab placerat praesent ridiculus enim etiam. Sollicitudin.,1,2,6392NwKkvp,Study2_MoHi1,,,,4,1,"Player1-Democrat,Player2-Republican,Player3-Democrat,Player4-Republican",,600,no,yes,,Player2-Republican,ready,participantStatus,1,1,"Player1-Democrat,Player2-Republican,Player3-Democrat,Player4-Republican","null,null,null,null",Please wait for the other participants. The chat will start soon. Do not refresh this page.,1,text,150,chatLog,900,400,Please take the next few minutes to chat with other participants about the dot task.
2022-06-06 11:06:26,2022-06-06 11:06:27,2,,100,1,1,2022-06-06 11:06:27,R_1EQj7wiRCDNzLym,,,,,40.7359,-73.9904,test,,1,1,6,4,6,1.15,9.71,7.92,31,"Dictumst! Placerat! Eget eget etiam? Ligula, blandit non tempus pharetra vivamus commodo! Nullam pretium.",8.62,9.07,8.96,14,7.13,8.53,7.98,9,6.34,6.82,7.88,43,2,3,116,292,Region #1,15,8,9.01,9.6,9.65,4,7.06,9.32,7.53,9,,,,,,,,,,,,,,,1,4,9,Ante interdum aliquet dignissim eleifend metus ac magnis duis. Vel nullam! Ridiculus a praesent.,0.02,7.83,2.74,9,,,,,,,,,,,,,"Accusamus? Ipsum non sodales et eget massa nibh? Aliquam, volutpat. Praesent.",1,,2,"Velit ac odio tortor euismod dolorem sed? Integer gravida fermentum. Suspendisse, arcu. Proin.",Ullamcorper magna justo maecenas est? Accusamus. Ut gravida consectetuer nec! Et lorem aliquam.,1,2,6392NwKkvp,Study2_MoHi1,,,,4,1,"Player1-Democrat,Player2-Republican,Player3-Democrat,Player4-Republican",,600,no,yes,,Player1-Democrat,ready,participantStatus,1,1,"Player1-Democrat,Player2-Republican,Player3-Democrat,Player4-Republican","null,null,null,null",Please wait for the other participants. The chat will start soon. Do not refresh this page.,1,text,150,chatLog,900,400,Please take the next few minutes to chat with other participants about the dot task.
2022-06-06 11:06:27,2022-06-06 11:06:27,2,,100,0,1,2022-06-06 11:06:27,R_3rzk5pedfFLaDIy,,,,,40.7359,-73.9904,test,,2,3,4,6,7,2.32,6.6,6.07,19,"Ullamcorper platea ipsum, duis! Curabitur suscipit enim! Ac placerat mauris proin tortor sem.",5.82,6.9,9.74,0,4.38,8.01,9.77,38,8.16,9.55,9.92,2,1,3,271,324,Region #1,15,1,1.98,4.05,7.19,20,8.35,9.07,9.33,27,2,5.76,7.73,8.34,24,,3,2,10,"Pharetra sollicitudin metus, ipsum fringilla metus! Erat risus commodo pharetra. In dolor nunc.",,,,,,,,,,,,,,,,,,,,,,,,,Dapibus metus convallis quam wisi sit dictumst per sodales egestas a non.,2,Eu suscipit a! Tortor. Iaculis ab. Placerat wisi auctor venenatis lectus proin.,2,"Accumsan ab, massa imperdiet eget tempor. Mauris auctor, vel tempora commodo temporibus vivamus.",Ullamcorper? Bibendum felis tempora! Per augue platea gravida. Dolor? Ab.,2,2,6392NwKkvp,Study2_MoHi1,,,,4,1,"Player1-Democrat,Player2-Republican,Player3-Democrat,Player4-Republican",,600,no,yes,,,ready,participantStatus,1,1,"Player1-Democrat,Player2-Republican,Player3-Democrat,Player4-Republican","null,null,null,null",Please wait for the other participants. The chat will start soon. Do not refresh this page.,1,text,150,chatLog,900,400,Please take the next few minutes to chat with other participants about the dot task.
2022-06-06 11:06:27,2022-06-06 11:06:27,2,,100,0,1,2022-06-06 11:06:27,R_dpvfVW3JO2HEmj4,,,,,40.7359,-73.9904,test,,2,2,6,6,8,7.98,9.77,9.39,2,Ac ultrices luctus tempora euismod eros maecenas at etiam est mauris potenti.,9.16,9.96,9.72,11,7.94,9.7,8.65,48,3.32,4.85,7.19,5,2,4,748,243,Region #2,14,9,5.51,6.93,9.09,10,9.6,9.67,9.63,14,,,,,,,,,,,,,,,3,7,2,Rhoncus suscipit gravida faucibus id fermentum. Venenatis bibendum pede. Temporibus lacus.,4.94,9.04,9.31,34,,,,,,,,,,,,,A ultricies ab vulputate facilisi. Accusamus eu vehicula neque vulputate.,2,"Tempor rutrum scelerisque cursus! Aliquam! Suscipit, per curabitur. Aliquam convallis proin ullamcorper primis augue.",1,,Malesuada morbi mi platea primis fringilla quam magnis volutpat turpis vel dolorem.,2,2,6392NwKkvp,Study2_MoHi1,,,,4,1,"Player1-Democrat,Player2-Republican,Player3-Democrat,Player4-Republican",,600,no,yes,,Player4-Republican,ready,participantStatus,1,1,"Player1-Democrat,Player2-Republican,Player3-Democrat,Player4-Republican","null,null,null,null",Please wait for the other participants. The chat will start soon. Do not refresh this page.,1,text,150,chatLog,900,400,Please take the next few minutes to chat with other participants about the dot task.
2022-06-06 11:06:27,2022-06-06 11:06:27,2,,100,0,1,2022-06-06 11:06:27,R_cSbJWmEsAiM2DEG,,,,,40.7359,-73.9904,test,,1,3,8,4,4,2.45,9.77,4.51,21,Cras? Consectetuer enim. At leo? Facilisis! Vitae proin faucibus maecenas lorem tempus! A.,9.93,9.95,9.99,19,5.47,5.52,8.66,14,6.62,8.53,6.63,10,1,1,514,374,Region #2,18,9,8.16,8.5,9.07,3,5.89,6.07,8.58,36,,,,,,,,,,,8.13,8.36,9.44,32,1,2,3,"Diam ligula ipsum praesent elementum. Tincidunt luctus vitae scelerisque, urna. Posuere risus augue? Ligula metus.",,,,,,,,,,,,,,,,,Primis! Interdum pellentesque quis est sem eleifend potenti molestie integer! Ante orci sagittis nec nullam.,1,,1,,Integer rutrum bibendum eget tempus non facilisis dui! Etiam placerat imperdiet ab.,1,1,6392NwKkvp,Study2_MoHi1,,,,4,1,"Player1-Democrat,Player2-Republican,Player3-Democrat,Player4-Republican",,600,no,yes,,,ready,participantStatus,1,1,"Player1-Democrat,Player2-Republican,Player3-Democrat,Player4-Republican","null,null,null,null",Please wait for the other participants. The chat will start soon. Do not refresh this page.,1,text,150,chatLog,900,400,Please take the next few minutes to chat with other participants about the dot task.
