"","participantRole","condition","condition.f","fairness","cond1_selection","redgreen_selection","attn_check","manip_check1","manip_check2","pol_id","pol_or","CI_difference","role"
"1","Player1-Democrat",1,"self",5,1,1,3,2,4,"Dem",1,1.66666666666667,"OVERESTIMATOR"
"2","Player2-Republican",3,"ingroup",6,NA,NA,3,1,1,"Rep",6,0.333333333333333,"UNDERESTIMATOR"
"3","Player3-Democrat",1,"self",6,1,1,3,1,4,"Dem",2,1,"UNDERESTIMATOR"
"4","Player4-Republican",4,"outgroup",4,NA,NA,3,1,1,"Rep",5,4,"OVERESTIMATOR"
"5","Player3-Democrat",2,"other",5,NA,NA,3,1,1,"Dem",3,2.66666666666667,"UNDERESTIMATOR"
"6","Player3-Democrat",1,"self",3,1,1,3,1,4,"Dem",1,2.33333333333333,"OVERESTIMATOR"
"7","Player2-Republican",1,"self",7,1,1,3,2,2,"Rep",5,3.66666666666667,"UNDERESTIMATOR"
"8","Player2-Republican",1,"self",6,1,1,3,1,2,"Rep",6,4.66666666666667,"UNDERESTIMATOR"
"9","Player2-Republican",2,"other",4,NA,NA,3,1,1,"Rep",5,6,"UNDERESTIMATOR"
"10","Player4-Republican",3,"ingroup",2,NA,NA,3,1,1,"Rep",6,4,"UNDERESTIMATOR"
"11","Player4-Republican",4,"outgroup",6,NA,NA,3,1,1,"Rep",6,6,"UNDERESTIMATOR"
"12","Player3-Democrat",4,"outgroup",4,NA,NA,3,1,2,"Dem",2,0,"OVERESTIMATOR"
"13","Player1-Democrat",1,"self",7,2,NA,3,1,4,"Dem",1,4,"OVERESTIMATOR"
"14","Player4-Republican",1,"self",3,1,1,3,1,4,"Rep",4,-2,"OVERESTIMATOR"
"15","Player2-Republican",1,"self",1,1,1,3,1,1,"Rep",7,5.66666666666667,"OVERESTIMATOR"
"16","Player4-Republican",4,"outgroup",2,NA,NA,3,1,1,"Rep",7,5,"OVERESTIMATOR"
"17","Player4-Republican",3,"ingroup",3,NA,NA,3,1,2,"Rep",2,-3,"UNDERESTIMATOR"
"18","Player1-Democrat",2,"other",3,NA,NA,3,1,1,"Dem",3,4,"UNDERESTIMATOR"
"19","Player1-Democrat",3,"ingroup",4,NA,NA,3,1,1,"Dem",1,6,"OVERESTIMATOR"
"20","Player3-Democrat",4,"outgroup",5,NA,NA,3,1,1,"Dem",1,5.33333333333333,"OVERESTIMATOR"
"21","Player3-Democrat",4,"outgroup",5,NA,NA,3,1,1,"Dem",2,6,"OVERESTIMATOR"
"22","Player4-Republican",4,"outgroup",5,NA,NA,3,2,1,"Rep",7,6,"UNDERESTIMATOR"
"23","Player4-Republican",3,"ingroup",5,NA,NA,3,1,1,"Rep",7,2,"UNDERESTIMATOR"
"24","Player2-Republican",2,"other",7,NA,NA,3,2,2,"Rep",7,5,"UNDERESTIMATOR"
"25","Player1-Democrat",2,"other",6,NA,NA,3,1,1,"Dem",2,4.66666666666667,"UNDERESTIMATOR"
"26","Player4-Republican",3,"ingroup",6,NA,NA,3,2,2,"Rep",6,4,"OVERESTIMATOR"
"27","Player1-Democrat",4,"outgroup",4,NA,NA,3,2,2,"Dem",5,4.33333333333333,"UNDERESTIMATOR"
"28","Player2-Republican",3,"ingroup",4,NA,NA,3,2,2,"Rep",3,1,"OVERESTIMATOR"
"29","Player2-Republican",2,"other",5,NA,NA,3,1,1,"Rep",6,4,"OVERESTIMATOR"
"30","Player4-Republican",4,"outgroup",3,NA,NA,3,2,2,"Rep",6,5,"UNDERESTIMATOR"
"31","Player4-Republican",4,"outgroup",3,NA,NA,3,1,1,"Rep",6,4.33333333333333,"UNDERESTIMATOR"
"32","Player3-Democrat",1,"self",3,1,1,3,1,4,"Dem",2,1,"UNDERESTIMATOR"
"33","Player1-Democrat",4,"outgroup",3,NA,NA,3,1,1,"Dem",2,4,"OVERESTIMATOR"
"34","Player2-Republican",3,"ingroup",3,NA,NA,3,1,1,"Rep",6,5.66666666666667,"UNDERESTIMATOR"
"35","Player3-Democrat",4,"outgroup",4,NA,NA,3,1,1,"Dem",1,4.66666666666667,"UNDERESTIMATOR"
"36","Player2-Republican",2,"other",2,NA,NA,3,1,1,"Rep",7,4,"OVERESTIMATOR"
"37","Player1-Democrat",2,"other",6,NA,NA,3,2,2,"Dem",2,3,"OVERESTIMATOR"
"38","Player1-Democrat",2,"other",4,NA,NA,3,NA,1,"Dem",2,6,"OVERESTIMATOR"
"39","Player2-Republican",1,"self",4,1,1,3,2,4,"Rep",6,4,"OVERESTIMATOR"
"40","Player4-Republican",1,"self",7,2,NA,3,1,4,"Rep",7,5,"OVERESTIMATOR"
"41","Player2-Republican",1,"self",4,1,1,3,1,4,"Rep",5,3.33333333333333,"OVERESTIMATOR"
"42","Player1-Democrat",3,"ingroup",6,NA,NA,3,2,1,"Dem",2,1.66666666666667,"OVERESTIMATOR"
"43","Player4-Republican",4,"outgroup",4,NA,NA,3,1,1,"Rep",5,2.33333333333333,"UNDERESTIMATOR"
"44","Player1-Democrat",2,"other",3,NA,NA,3,1,1,"Dem",2,4.33333333333333,"UNDERESTIMATOR"
"45","Player4-Republican",3,"ingroup",4,NA,NA,3,2,2,"Rep",7,0,"OVERESTIMATOR"
"46","Player2-Republican",3,"ingroup",4,NA,NA,3,1,1,"Rep",7,1,"OVERESTIMATOR"
"47","Player3-Democrat",2,"other",5,NA,NA,3,1,1,"Dem",1,6,"UNDERESTIMATOR"
"48","Player1-Democrat",1,"self",7,2,NA,3,2,4,"Dem",2,0,"OVERESTIMATOR"
"49","Player3-Democrat",3,"ingroup",4,NA,NA,3,1,1,"Dem",1,3.66666666666667,"UNDERESTIMATOR"
"50","Player1-Democrat",1,"self",3,1,1,3,1,4,"Dem",3,4.33333333333333,"OVERESTIMATOR"
"51","Player4-Republican",2,"other",4,NA,NA,3,1,1,"Rep",6,4.33333333333333,"OVERESTIMATOR"
"52","Player3-Democrat",3,"ingroup",4,NA,NA,3,1,1,"Dem",2,5,"UNDERESTIMATOR"
"53","Player4-Republican",2,"other",4,NA,NA,3,1,1,"Rep",6,4,"UNDERESTIMATOR"
"54","Player3-Democrat",4,"outgroup",3,NA,NA,3,1,1,"Dem",1,3,"OVERESTIMATOR"
"55","Player1-Democrat",4,"outgroup",4,NA,NA,3,1,1,"Dem",2,4.66666666666667,"OVERESTIMATOR"
"56","Player2-Republican",1,"self",6,1,1,3,1,1,"Rep",6,3.66666666666667,"OVERESTIMATOR"
"57","Player3-Democrat",4,"outgroup",2,NA,NA,3,1,2,"Dem",1,4.33333333333333,"UNDERESTIMATOR"
"58","Player2-Republican",2,"other",1,NA,NA,3,2,2,"Rep",7,6,"UNDERESTIMATOR"
"59","Player2-Republican",1,"self",5,1,1,3,1,1,"Rep",7,2,"OVERESTIMATOR"
"60","Player1-Democrat",3,"ingroup",5,NA,NA,3,1,1,"Dem",2,5,"UNDERESTIMATOR"
"61","Player3-Democrat",3,"ingroup",2,NA,NA,3,2,2,"Dem",2,5,"UNDERESTIMATOR"
"62","Player3-Democrat",2,"other",5,NA,NA,3,2,2,"Dem",3,4,"UNDERESTIMATOR"
"63","Player1-Democrat",3,"ingroup",5,NA,NA,3,2,2,"Dem",1,4.66666666666667,"UNDERESTIMATOR"
"64","Player1-Democrat",4,"outgroup",4,NA,NA,3,1,2,"Dem",3,0,"OVERESTIMATOR"
"65","Player4-Republican",1,"self",7,2,NA,3,1,1,"Rep",5,2.33333333333333,"OVERESTIMATOR"
"66","Player3-Democrat",1,"self",7,2,NA,3,1,4,"Dem",1,5,"UNDERESTIMATOR"
"67","Player2-Republican",3,"ingroup",3,NA,NA,1,2,2,"Rep",6,3,"UNDERESTIMATOR"
"68","Player3-Democrat",4,"outgroup",3,NA,NA,3,1,1,"Dem",3,2.66666666666667,"OVERESTIMATOR"
"69","Player4-Republican",4,"outgroup",4,NA,NA,3,1,2,"Rep",6,2.33333333333333,"UNDERESTIMATOR"
"70","Player4-Republican",1,"self",5,1,1,3,2,4,"Rep",5,2.66666666666667,"UNDERESTIMATOR"
"71","Player2-Republican",3,"ingroup",3,NA,NA,3,1,1,"Rep",5,4,"OVERESTIMATOR"
"72","Player1-Democrat",3,"ingroup",3,NA,NA,3,1,2,"Dem",1,4.66666666666667,"OVERESTIMATOR"
"73","Player2-Republican",3,"ingroup",4,NA,NA,3,2,2,"Rep",5,2.66666666666667,"UNDERESTIMATOR"
"74","Player4-Republican",3,"ingroup",6,NA,NA,3,1,1,"Rep",6,3,"OVERESTIMATOR"
"75","Player4-Republican",4,"outgroup",6,NA,NA,3,1,1,"Rep",5,6,"UNDERESTIMATOR"
"76","Player2-Republican",2,"other",3,NA,NA,3,1,1,"Rep",6,5,"OVERESTIMATOR"
"77","Player4-Republican",4,"outgroup",4,NA,NA,3,1,2,"Rep",5,0.333333333333333,"OVERESTIMATOR"
"78","Player4-Republican",3,"ingroup",4,NA,NA,3,2,2,"Rep",4,-0.333333333333333,"OVERESTIMATOR"
"79","Player4-Republican",4,"outgroup",4,NA,NA,3,1,1,"Rep",6,-5,"OVERESTIMATOR"
"80","Player2-Republican",2,"other",5,NA,NA,3,1,2,"Rep",6,2.66666666666667,"OVERESTIMATOR"
"81","Player3-Democrat",3,"ingroup",3,NA,NA,3,1,1,"Dem",1,0,"OVERESTIMATOR"
"82","Player1-Democrat",4,"outgroup",3,NA,NA,1,1,1,"Dem",2,3.66666666666667,"OVERESTIMATOR"
"83","Player2-Republican",4,"outgroup",4,NA,NA,3,1,1,"Rep",6,5,"UNDERESTIMATOR"
"84","Player3-Democrat",3,"ingroup",4,NA,NA,3,1,1,"Dem",1,3.66666666666667,"OVERESTIMATOR"
"85","Player3-Democrat",1,"self",2,1,1,3,2,2,"Dem",2,3.66666666666667,"UNDERESTIMATOR"
"86","Player3-Democrat",1,"self",7,2,NA,3,1,2,"Dem",1,2.33333333333333,"OVERESTIMATOR"
"87","Player1-Democrat",3,"ingroup",6,NA,NA,3,1,1,"Dem",3,3,"UNDERESTIMATOR"
"88","Player1-Democrat",2,"other",4,NA,NA,3,2,2,"Dem",1,2.66666666666667,"OVERESTIMATOR"
"89","Player1-Democrat",2,"other",2,NA,NA,3,1,1,"Dem",2,4,"UNDERESTIMATOR"
"90","Player2-Republican",3,"ingroup",5,NA,NA,3,2,2,"Rep",7,6,"OVERESTIMATOR"
"91","Player4-Republican",1,"self",3,1,1,3,2,2,"Rep",6,1.33333333333333,"UNDERESTIMATOR"
"92","Player4-Republican",3,"ingroup",3,NA,NA,3,1,1,"Rep",7,2.66666666666667,"UNDERESTIMATOR"
"93","Player1-Democrat",1,"self",2,1,1,3,1,4,"Dem",3,0,"UNDERESTIMATOR"
"94","Player2-Republican",4,"outgroup",4,NA,NA,3,1,1,"Rep",2,1,"OVERESTIMATOR"
"95","Player2-Republican",2,"other",3,NA,NA,3,1,1,"Rep",5,0.333333333333333,"UNDERESTIMATOR"
"96","Player2-Republican",3,"ingroup",5,NA,NA,3,1,1,"Rep",7,5,"OVERESTIMATOR"
"97","Player4-Republican",1,"self",3,1,1,3,2,4,"Rep",6,5.66666666666667,"UNDERESTIMATOR"
"98","Player1-Democrat",2,"other",2,NA,NA,3,1,1,"Dem",2,4.33333333333333,"UNDERESTIMATOR"
"99","Player4-Republican",4,"outgroup",3,NA,NA,3,2,2,"Rep",6,5,"UNDERESTIMATOR"
"100","Player3-Democrat",2,"other",3,NA,NA,3,2,1,"Dem",1,1,"UNDERESTIMATOR"
"101","Player1-Democrat",1,"self",3,1,1,3,2,4,"Dem",3,0,"UNDERESTIMATOR"
"102","Player3-Democrat",1,"self",7,1,2,3,2,2,"Dem",2,3.66666666666667,"UNDERESTIMATOR"
"103","Player1-Democrat",2,"other",3,NA,NA,3,1,1,"Dem",3,0.333333333333333,"OVERESTIMATOR"
"104","Player2-Republican",2,"other",3,NA,NA,3,2,1,"Rep",4,3.66666666666667,"OVERESTIMATOR"
"105","Player1-Democrat",2,"other",5,NA,NA,3,1,1,"Dem",2,4.66666666666667,"UNDERESTIMATOR"
"106","Player2-Republican",4,"outgroup",4,NA,NA,3,1,1,"Rep",6,5,"OVERESTIMATOR"
"107","Player3-Democrat",2,"other",4,NA,NA,3,1,2,"Dem",4,0.666666666666667,"OVERESTIMATOR"
"108","Player1-Democrat",4,"outgroup",3,NA,NA,3,1,1,"Dem",2,5.66666666666667,"OVERESTIMATOR"
"109","Player3-Democrat",2,"other",6,NA,NA,3,1,1,"Dem",3,3.66666666666667,"UNDERESTIMATOR"
"110","Player1-Democrat",1,"self",1,1,1,3,1,1,"Dem",2,5.66666666666667,"UNDERESTIMATOR"
"111","Player3-Democrat",1,"self",6,1,1,3,2,4,"Dem",2,1.66666666666667,"UNDERESTIMATOR"
"112","Player1-Democrat",1,"self",5,1,1,3,2,2,"Dem",2,5,"OVERESTIMATOR"
"113","Player2-Republican",4,"outgroup",4,NA,NA,3,2,2,"Rep",7,3.66666666666667,"UNDERESTIMATOR"
"114","Player1-Democrat",1,"self",6,2,NA,3,1,1,"Dem",1,-5.33333333333333,"UNDERESTIMATOR"
"115","Player3-Democrat",3,"ingroup",4,NA,NA,3,1,1,"Dem",2,3,"UNDERESTIMATOR"
"116","Player4-Republican",2,"other",4,NA,NA,3,2,2,"Rep",4,4,"UNDERESTIMATOR"
"117","Player2-Republican",3,"ingroup",4,NA,NA,3,2,2,"Rep",6,2,"UNDERESTIMATOR"
"118","Player1-Democrat",4,"outgroup",4,NA,NA,3,2,1,"Dem",1,5,"OVERESTIMATOR"
"119","Player3-Democrat",2,"other",4,NA,NA,3,1,1,"Dem",1,6,"OVERESTIMATOR"
"120","Player4-Republican",3,"ingroup",4,NA,NA,3,1,1,"Rep",6,2.33333333333333,"OVERESTIMATOR"
"121","Player3-Democrat",3,"ingroup",4,NA,NA,3,1,1,"Dem",3,4.33333333333333,"OVERESTIMATOR"
"122","Player4-Republican",3,"ingroup",3,NA,NA,3,1,1,"Rep",5,2.33333333333333,"UNDERESTIMATOR"
"123","Player2-Republican",2,"other",6,NA,NA,3,1,1,"Rep",3,2.33333333333333,"UNDERESTIMATOR"
"124","Player1-Democrat",2,"other",3,NA,NA,3,1,1,"Dem",3,0.666666666666667,"UNDERESTIMATOR"
"125","Player2-Republican",4,"outgroup",1,NA,NA,3,2,2,"Rep",7,3.33333333333333,"OVERESTIMATOR"
"126","Player4-Republican",1,"self",3,1,1,3,1,4,"Rep",6,1.66666666666667,"UNDERESTIMATOR"
"127","Player1-Democrat",1,"self",4,1,1,3,1,2,"Dem",2,4,"UNDERESTIMATOR"
"128","Player4-Republican",2,"other",5,NA,NA,3,1,1,"Rep",6,4.66666666666667,"UNDERESTIMATOR"
"129","Player3-Democrat",3,"ingroup",7,NA,NA,3,2,2,"Dem",1,-8.66666666666667,"OVERESTIMATOR"
"130","Player1-Democrat",1,"self",2,1,1,3,1,4,"Dem",2,3.66666666666667,"OVERESTIMATOR"
"131","Player3-Democrat",3,"ingroup",4,NA,NA,2,1,1,"Dem",2,5,"UNDERESTIMATOR"
"132","Player2-Republican",1,"self",7,2,NA,3,1,4,"Rep",4,-0.666666666666667,"UNDERESTIMATOR"
"133","Player4-Republican",4,"outgroup",4,NA,NA,3,1,1,"Rep",4,0,"OVERESTIMATOR"
"134","Player2-Republican",1,"self",4,1,1,3,2,4,"Rep",6,2.33333333333333,"OVERESTIMATOR"
"135","Player2-Republican",4,"outgroup",2,NA,NA,3,1,1,"Rep",6,4.66666666666667,"UNDERESTIMATOR"
"136","Player4-Republican",2,"other",2,NA,NA,3,1,1,"Rep",5,4,"UNDERESTIMATOR"
"137","Player1-Democrat",3,"ingroup",4,NA,NA,3,1,1,"Dem",1,5,"OVERESTIMATOR"
"138","Player2-Republican",2,"other",4,NA,NA,3,1,1,"Rep",5,1.66666666666667,"OVERESTIMATOR"
"139","Player3-Democrat",1,"self",4,1,2,3,1,4,"Dem",1,6,"OVERESTIMATOR"
"140","Player1-Democrat",4,"outgroup",3,NA,NA,3,1,1,"Dem",2,6,"UNDERESTIMATOR"
"141","Player4-Republican",1,"self",6,2,NA,3,2,2,"Rep",7,6,"OVERESTIMATOR"
"142","Player1-Democrat",3,"ingroup",3,NA,NA,3,1,1,"Dem",2,2,"UNDERESTIMATOR"
"143","Player1-Democrat",4,"outgroup",3,NA,NA,3,1,1,"Dem",3,3.66666666666667,"UNDERESTIMATOR"
"144","Player3-Democrat",3,"ingroup",2,NA,NA,3,1,1,"Dem",1,3.33333333333333,"UNDERESTIMATOR"
"145","Player3-Democrat",2,"other",3,NA,NA,3,1,2,"Dem",4,-5,"OVERESTIMATOR"
"146","Player1-Democrat",1,"self",1,1,1,3,2,2,"Dem",1,4.33333333333333,"UNDERESTIMATOR"
"147","Player3-Democrat",3,"ingroup",3,NA,NA,3,1,2,"Dem",2,3.66666666666667,"OVERESTIMATOR"
"148","Player1-Democrat",4,"outgroup",4,NA,NA,3,1,1,"Dem",2,NA,"UNDERESTIMATOR"
"149","Player2-Republican",1,"self",6,2,NA,3,1,1,"Rep",6,5,"UNDERESTIMATOR"
"150","Player2-Republican",3,"ingroup",5,NA,NA,3,1,1,"Rep",6,5,"OVERESTIMATOR"
"151","Player1-Democrat",4,"outgroup",4,NA,NA,3,1,1,"Dem",2,2.66666666666667,"OVERESTIMATOR"
"152","Player3-Democrat",1,"self",6,2,NA,3,1,4,"Dem",2,3.66666666666667,"UNDERESTIMATOR"
"153","Player2-Republican",2,"other",5,NA,NA,3,1,1,"Rep",5,0.666666666666667,"OVERESTIMATOR"
"154","Player3-Democrat",2,"other",5,NA,NA,3,1,2,"Dem",2,4.33333333333333,"UNDERESTIMATOR"
"155","Player4-Republican",3,"ingroup",4,NA,NA,3,1,1,"Rep",7,5.66666666666667,"UNDERESTIMATOR"
"156","Player4-Republican",4,"outgroup",1,NA,NA,3,2,2,"Rep",6,5,"OVERESTIMATOR"
"157","Player3-Democrat",1,"self",2,1,1,3,1,1,"Dem",2,3.66666666666667,"UNDERESTIMATOR"
"158","Player2-Republican",2,"other",6,NA,NA,3,2,1,"Rep",6,5,"OVERESTIMATOR"
"159","Player1-Democrat",3,"ingroup",6,NA,NA,3,1,1,"Dem",2,4.66666666666667,"UNDERESTIMATOR"
"160","Player3-Democrat",1,"self",6,1,1,3,2,4,"Dem",2,5,"OVERESTIMATOR"
"161","Player1-Democrat",4,"outgroup",2,NA,NA,3,1,1,"Dem",1,5.33333333333333,"OVERESTIMATOR"
"162","Player3-Democrat",2,"other",4,NA,NA,3,1,2,"Dem",1,4,"UNDERESTIMATOR"
"163","Player2-Republican",1,"self",7,1,1,3,2,4,"Rep",6,5.66666666666667,"OVERESTIMATOR"
"164","Player1-Democrat",4,"outgroup",4,NA,NA,3,1,1,"Dem",2,3,"UNDERESTIMATOR"
"165","Player3-Democrat",4,"outgroup",6,NA,NA,3,1,1,"Dem",2,2.66666666666667,"UNDERESTIMATOR"
"166","Player2-Republican",2,"other",4,NA,NA,3,1,1,"Rep",6,0.333333333333333,"OVERESTIMATOR"
"167","Player3-Democrat",2,"other",3,NA,NA,3,2,2,"Dem",3,3,"UNDERESTIMATOR"
"168","Player3-Democrat",3,"ingroup",6,NA,NA,3,1,1,"Dem",1,5,"UNDERESTIMATOR"
"169","Player2-Republican",3,"ingroup",4,NA,NA,3,1,2,"Rep",6,5,"OVERESTIMATOR"
"170","Player4-Republican",2,"other",3,NA,NA,3,1,1,"Rep",6,0,"UNDERESTIMATOR"
"171","Player4-Republican",4,"outgroup",5,NA,NA,3,1,1,"Rep",6,3,"OVERESTIMATOR"
"172","Player4-Republican",1,"self",4,1,1,3,1,4,"Rep",7,6,"OVERESTIMATOR"
"173","Player1-Democrat",3,"ingroup",4,NA,NA,3,1,1,"Dem",1,2,"UNDERESTIMATOR"
"174","Player1-Democrat",3,"ingroup",5,NA,NA,3,1,1,"Dem",4,0.666666666666667,"OVERESTIMATOR"
"175","Player3-Democrat",4,"outgroup",1,NA,NA,3,2,2,"Dem",2,3.66666666666667,"UNDERESTIMATOR"
"176","Player4-Republican",2,"other",5,NA,NA,3,1,1,"Rep",7,6,"UNDERESTIMATOR"
"177","Player4-Republican",3,"ingroup",1,NA,NA,3,1,2,"Rep",6,2.66666666666667,"OVERESTIMATOR"
"178","Player2-Republican",1,"self",6,1,1,3,2,2,"Rep",6,4,"OVERESTIMATOR"
"179","Player3-Democrat",3,"ingroup",7,NA,NA,3,1,1,"Dem",2,4.33333333333333,"OVERESTIMATOR"
"180","Player1-Democrat",2,"other",6,NA,NA,3,1,2,"Dem",2,1.66666666666667,"UNDERESTIMATOR"
"181","Player1-Democrat",1,"self",2,1,1,3,1,4,"Dem",1,0.666666666666667,"OVERESTIMATOR"
"182","Player3-Democrat",1,"self",2,1,1,3,1,1,"Dem",4,4,"UNDERESTIMATOR"
"183","Player2-Republican",4,"outgroup",6,NA,NA,3,1,1,"Rep",7,6,"UNDERESTIMATOR"
"184","Player1-Democrat",4,"outgroup",4,NA,NA,3,2,1,"Dem",2,3,"UNDERESTIMATOR"
"185","Player4-Republican",4,"outgroup",4,NA,NA,3,2,2,"Rep",6,0,"OVERESTIMATOR"
"186","Player4-Republican",1,"self",7,2,NA,3,1,1,"Rep",6,4.66666666666667,"OVERESTIMATOR"
"187","Player1-Democrat",1,"self",6,2,NA,3,1,4,"Dem",3,0.333333333333333,"OVERESTIMATOR"
"188","Player3-Democrat",3,"ingroup",3,NA,NA,3,1,1,"Dem",1,4.66666666666667,"OVERESTIMATOR"
"189","Player1-Democrat",4,"outgroup",5,NA,NA,3,1,1,"Dem",1,5,"OVERESTIMATOR"
"190","Player2-Republican",1,"self",7,2,NA,3,1,4,"Rep",5,3,"UNDERESTIMATOR"
"191","Player3-Democrat",2,"other",4,NA,NA,3,2,1,"Dem",3,0,"UNDERESTIMATOR"
"192","Player2-Republican",2,"other",5,NA,NA,3,1,1,"Rep",6,4.66666666666667,"UNDERESTIMATOR"
"193","Player4-Republican",3,"ingroup",4,NA,NA,3,1,1,"Rep",6,0,"OVERESTIMATOR"
"194","Player2-Republican",4,"outgroup",4,NA,NA,3,1,1,"Rep",5,2.66666666666667,"OVERESTIMATOR"
"195","Player3-Democrat",1,"self",3,1,1,3,1,4,"Dem",1,4,"OVERESTIMATOR"
"196","Player1-Democrat",1,"self",4,1,1,3,1,2,"Dem",3,4,"UNDERESTIMATOR"
"197","Player4-Republican",2,"other",6,NA,NA,3,1,1,"Rep",6,3,"UNDERESTIMATOR"
"198","Player2-Republican",3,"ingroup",1,NA,NA,3,2,2,"Rep",4,0,"OVERESTIMATOR"
"199","Player1-Democrat",4,"outgroup",3,NA,NA,3,1,2,"Dem",3,0.666666666666667,"OVERESTIMATOR"
"200","Player2-Republican",1,"self",4,1,1,3,1,1,"Rep",6,3,"OVERESTIMATOR"
"201","Player1-Democrat",2,"other",4,NA,NA,3,2,2,"Dem",2,3.66666666666667,"OVERESTIMATOR"
"202","Player1-Democrat",3,"ingroup",7,NA,NA,3,1,1,"Dem",1,4.33333333333333,"OVERESTIMATOR"
"203","Player1-Democrat",3,"ingroup",5,NA,NA,3,1,1,"Dem",1,3.33333333333333,"UNDERESTIMATOR"
"204","Player3-Democrat",1,"self",7,2,NA,3,2,2,"Dem",4,-2,"OVERESTIMATOR"
"205","Player3-Democrat",3,"ingroup",3,NA,NA,3,1,1,"Dem",1,4.33333333333333,"UNDERESTIMATOR"
"206","Player4-Republican",4,"outgroup",3,NA,NA,3,1,1,"Rep",6,4,"UNDERESTIMATOR"
"207","Player4-Republican",3,"ingroup",3,NA,NA,3,1,1,"Rep",6,4.33333333333333,"OVERESTIMATOR"
"208","Player2-Republican",2,"other",4,NA,NA,3,2,2,"Rep",5,0.333333333333333,"OVERESTIMATOR"
"209","Player3-Democrat",4,"outgroup",6,NA,NA,3,1,1,"Dem",1,4,"OVERESTIMATOR"
"210","Player3-Democrat",4,"outgroup",4,NA,NA,3,1,1,"Dem",1,1,"UNDERESTIMATOR"
"211","Player2-Republican",2,"other",4,NA,NA,3,2,2,"Rep",7,6,"UNDERESTIMATOR"
"212","Player4-Republican",1,"self",2,1,1,3,1,1,"Rep",5,1.33333333333333,"UNDERESTIMATOR"
"213","Player1-Democrat",1,"self",3,1,1,3,1,1,"Dem",2,5,"OVERESTIMATOR"
"214","Player4-Republican",2,"other",7,NA,NA,3,1,1,"Rep",5,3,"UNDERESTIMATOR"
"215","Player4-Republican",4,"outgroup",3,NA,NA,3,1,1,"Rep",5,4,"OVERESTIMATOR"
"216","Player1-Democrat",2,"other",4,NA,NA,3,2,2,"Dem",2,0.333333333333333,"OVERESTIMATOR"
"217","Player2-Republican",1,"self",7,2,NA,3,1,1,"Rep",6,2.66666666666667,"UNDERESTIMATOR"
"218","Player4-Republican",1,"self",5,1,1,3,1,1,"Rep",5,2,"UNDERESTIMATOR"
"219","Player3-Democrat",3,"ingroup",3,NA,NA,3,1,1,"Dem",1,1.33333333333333,"UNDERESTIMATOR"
"220","Player3-Democrat",2,"other",4,NA,NA,3,2,2,"Dem",2,-3,"UNDERESTIMATOR"
"221","Player2-Republican",3,"ingroup",5,NA,NA,3,1,1,"Rep",6,1,"UNDERESTIMATOR"
"222","Player2-Republican",4,"outgroup",3,NA,NA,3,1,1,"Rep",6,5,"UNDERESTIMATOR"
"223","Player4-Republican",4,"outgroup",2,NA,NA,3,1,2,"Rep",4,-2.66666666666667,"OVERESTIMATOR"
"224","Player4-Republican",3,"ingroup",6,NA,NA,3,1,1,"Rep",6,4.33333333333333,"UNDERESTIMATOR"
"225","Player1-Democrat",4,"outgroup",4,NA,NA,3,1,2,"Dem",1,3,"OVERESTIMATOR"
"226","Player3-Democrat",1,"self",2,1,1,3,1,4,"Dem",3,2,"UNDERESTIMATOR"
"227","Player2-Republican",2,"other",4,NA,NA,3,1,1,"Rep",5,-1,"OVERESTIMATOR"
"228","Player4-Republican",2,"other",6,NA,NA,3,1,1,"Rep",5,-1,"OVERESTIMATOR"
"229","Player3-Democrat",4,"outgroup",4,NA,NA,3,1,1,"Dem",2,5.66666666666667,"OVERESTIMATOR"
"230","Player1-Democrat",2,"other",5,NA,NA,3,2,1,"Dem",1,5,"UNDERESTIMATOR"
"231","Player1-Democrat",3,"ingroup",4,NA,NA,3,1,1,"Dem",2,4,"UNDERESTIMATOR"
"232","Player2-Republican",3,"ingroup",4,NA,NA,3,2,2,"Rep",6,1.33333333333333,"UNDERESTIMATOR"
"233","Player3-Democrat",1,"self",7,2,NA,3,2,4,"Dem",1,6,"UNDERESTIMATOR"
"234","Player1-Democrat",4,"outgroup",4,NA,NA,3,2,2,"Dem",3,3,"OVERESTIMATOR"
"235","Player4-Republican",2,"other",3,NA,NA,3,1,1,"Rep",7,6,"OVERESTIMATOR"
"236","Player2-Republican",3,"ingroup",5,NA,NA,3,2,2,"Rep",5,3.66666666666667,"OVERESTIMATOR"
"237","Player2-Republican",1,"self",7,1,1,3,1,1,"Rep",7,6,"OVERESTIMATOR"
"238","Player4-Republican",1,"self",7,1,1,3,1,1,"Rep",7,4,"OVERESTIMATOR"
"239","Player3-Democrat",4,"outgroup",3,NA,NA,3,1,1,"Dem",3,5,"UNDERESTIMATOR"
"240","Player1-Democrat",3,"ingroup",5,NA,NA,3,1,1,"Dem",2,3.66666666666667,"UNDERESTIMATOR"
"241","Player3-Democrat",4,"outgroup",1,NA,NA,3,1,1,"Dem",1,5.33333333333333,"UNDERESTIMATOR"
"242","Player2-Republican",4,"outgroup",6,NA,NA,3,1,1,"Rep",5,2,"OVERESTIMATOR"
"243","Player1-Democrat",2,"other",4,NA,NA,3,1,1,"Dem",4,2.66666666666667,"UNDERESTIMATOR"
"244","Player4-Republican",1,"self",6,2,NA,3,1,1,"Rep",7,5.33333333333333,"UNDERESTIMATOR"
"245","Player3-Democrat",3,"ingroup",5,NA,NA,3,1,1,"Dem",4,3,"OVERESTIMATOR"
"246","Player1-Democrat",4,"outgroup",4,NA,NA,3,2,2,"Dem",2,4.33333333333333,"UNDERESTIMATOR"
"247","Player2-Republican",3,"ingroup",4,NA,NA,3,1,1,"Rep",6,3,"OVERESTIMATOR"
"248","Player3-Democrat",1,"self",6,2,NA,3,2,2,"Dem",2,0.666666666666667,"OVERESTIMATOR"
"249","Player4-Republican",2,"other",3,NA,NA,3,1,1,"Rep",5,0.333333333333333,"OVERESTIMATOR"
"250","Player2-Republican",2,"other",4,NA,NA,4,2,1,"Rep",5,0,"UNDERESTIMATOR"
"251","Player1-Democrat",2,"other",6,NA,NA,3,1,1,"Dem",2,4,"UNDERESTIMATOR"
"252","Player3-Democrat",3,"ingroup",4,NA,NA,3,1,1,"Dem",2,3,"OVERESTIMATOR"
"253","Player4-Republican",1,"self",2,1,1,3,1,1,"Rep",6,3.66666666666667,"OVERESTIMATOR"
"254","Player2-Republican",1,"self",6,1,1,3,2,1,"Rep",5,0,"UNDERESTIMATOR"
"255","Player3-Democrat",2,"other",4,NA,NA,3,1,1,"Dem",2,3.66666666666667,"UNDERESTIMATOR"
"256","Player4-Republican",3,"ingroup",6,NA,NA,3,1,1,"Rep",7,3.66666666666667,"OVERESTIMATOR"
"257","Player3-Democrat",1,"self",3,1,1,3,1,4,"Dem",1,4.33333333333333,"OVERESTIMATOR"
"258","Player2-Republican",2,"other",6,NA,NA,3,1,1,"Rep",5,2.66666666666667,"UNDERESTIMATOR"
"259","Player2-Republican",4,"outgroup",7,NA,NA,3,1,1,"Rep",7,-4,"OVERESTIMATOR"
"260","Player4-Republican",3,"ingroup",6,NA,NA,3,1,1,"Rep",7,6,"UNDERESTIMATOR"
"261","Player2-Republican",4,"outgroup",5,NA,NA,3,1,1,"Rep",6,6,"OVERESTIMATOR"
"262","Player1-Democrat",1,"self",7,2,NA,3,1,1,"Dem",2,3,"OVERESTIMATOR"
"263","Player2-Republican",4,"outgroup",2,NA,NA,3,1,1,"Rep",5,1,"OVERESTIMATOR"
"264","Player4-Republican",1,"self",7,2,NA,3,1,4,"Rep",7,5,"UNDERESTIMATOR"
"265","Player1-Democrat",3,"ingroup",3,NA,NA,3,2,2,"Dem",2,4.33333333333333,"OVERESTIMATOR"
"266","Player3-Democrat",1,"self",6,2,NA,3,1,1,"Dem",1,5.66666666666667,"UNDERESTIMATOR"
"267","Player2-Republican",3,"ingroup",3,NA,NA,3,1,1,"Rep",7,2,"OVERESTIMATOR"
"268","Player4-Republican",2,"other",5,NA,NA,3,1,1,"Rep",7,4,"OVERESTIMATOR"
"269","Player1-Democrat",2,"other",3,NA,NA,3,1,1,"Dem",1,4,"UNDERESTIMATOR"
"270","Player1-Democrat",4,"outgroup",4,NA,NA,3,1,2,"Dem",1,-1.66666666666667,"OVERESTIMATOR"
"271","Player1-Democrat",2,"other",3,NA,NA,3,1,1,"Dem",2,3,"UNDERESTIMATOR"
"272","Player3-Democrat",1,"self",7,2,NA,3,2,2,"Dem",4,0,"OVERESTIMATOR"
"273","Player4-Republican",4,"outgroup",5,NA,NA,1,1,1,"Rep",6,4.66666666666667,"OVERESTIMATOR"
"274","Player2-Republican",2,"other",2,NA,NA,3,1,1,"Rep",6,4,"UNDERESTIMATOR"
"275","Player4-Republican",1,"self",3,1,1,3,1,4,"Rep",6,0,"OVERESTIMATOR"
"276","Player2-Republican",4,"outgroup",4,NA,NA,3,2,2,"Rep",7,4,"UNDERESTIMATOR"
"277","Player4-Republican",4,"outgroup",2,NA,NA,3,1,1,"Rep",7,6,"UNDERESTIMATOR"
"278","Player2-Republican",1,"self",6,1,1,3,2,1,"Rep",7,2,"UNDERESTIMATOR"
"279","Player3-Democrat",4,"outgroup",5,NA,NA,3,1,1,"Dem",2,4.33333333333333,"UNDERESTIMATOR"
"280","Player2-Republican",4,"outgroup",3,NA,NA,3,2,2,"Rep",4,0,"OVERESTIMATOR"
"281","Player1-Democrat",3,"ingroup",5,NA,NA,3,1,2,"Dem",3,3,"OVERESTIMATOR"
"282","Player1-Democrat",4,"outgroup",4,NA,NA,3,2,1,"Dem",3,0.333333333333333,"UNDERESTIMATOR"
"283","Player1-Democrat",3,"ingroup",6,NA,NA,3,1,1,"Dem",1,5.33333333333333,"UNDERESTIMATOR"
"284","Player4-Republican",3,"ingroup",4,NA,NA,3,1,1,"Rep",6,-2.66666666666667,"OVERESTIMATOR"
"285","Player3-Democrat",2,"other",4,NA,NA,3,2,2,"Dem",1,3,"UNDERESTIMATOR"
"286","Player3-Democrat",4,"outgroup",6,NA,NA,1,1,1,"Dem",1,4.66666666666667,"OVERESTIMATOR"
"287","Player1-Democrat",3,"ingroup",4,NA,NA,3,1,1,"Dem",1,5.66666666666667,"UNDERESTIMATOR"
"288","Player3-Democrat",1,"self",4,2,NA,3,1,1,"Dem",4,2.66666666666667,"UNDERESTIMATOR"
"289","Player3-Democrat",1,"self",2,1,1,3,1,4,"Dem",1,5,"UNDERESTIMATOR"
"290","Player3-Democrat",4,"outgroup",3,NA,NA,3,1,1,"Dem",2,3,"OVERESTIMATOR"
"291","Player3-Democrat",2,"other",4,NA,NA,3,1,1,"Dem",2,0.666666666666667,"OVERESTIMATOR"
"292","Player2-Republican",1,"self",4,1,1,3,1,4,"Rep",6,3.66666666666667,"OVERESTIMATOR"
"293","Player4-Republican",2,"other",6,NA,NA,3,1,1,"Rep",7,4,"UNDERESTIMATOR"
"294","Player1-Democrat",2,"other",4,NA,NA,3,2,1,"Dem",1,3,"OVERESTIMATOR"
"295","Player4-Republican",3,"ingroup",4,NA,NA,3,1,1,"Rep",7,6,"OVERESTIMATOR"
"296","Player1-Democrat",1,"self",6,1,1,3,1,4,"Dem",7,5,"UNDERESTIMATOR"
"297","Player1-Democrat",1,"self",3,1,1,3,1,1,"Dem",2,2.33333333333333,"UNDERESTIMATOR"
"298","Player4-Republican",3,"ingroup",4,NA,NA,3,2,2,"Rep",6,4,"UNDERESTIMATOR"
"299","Player4-Republican",2,"other",4,NA,NA,3,1,1,"Rep",4,3.66666666666667,"OVERESTIMATOR"
"300","Player3-Democrat",3,"ingroup",2,NA,NA,3,1,1,"Dem",2,4,"UNDERESTIMATOR"
"301","Player4-Republican",2,"other",2,NA,NA,3,1,1,"Rep",5,0,"OVERESTIMATOR"
"302","Player3-Democrat",3,"ingroup",6,NA,NA,3,1,1,"Dem",2,4.33333333333333,"UNDERESTIMATOR"
"303","Player1-Democrat",3,"ingroup",7,NA,NA,3,1,1,"Dem",4,2.66666666666667,"UNDERESTIMATOR"
"304","Player4-Republican",3,"ingroup",6,NA,NA,3,2,2,"Rep",6,3,"OVERESTIMATOR"
"305","Player2-Republican",4,"outgroup",6,NA,NA,3,1,1,"Rep",6,2,"OVERESTIMATOR"
"306","Player1-Democrat",4,"outgroup",4,NA,NA,3,2,2,"Dem",2,2.33333333333333,"OVERESTIMATOR"
"307","Player3-Democrat",3,"ingroup",4,NA,NA,3,1,1,"Dem",3,3,"UNDERESTIMATOR"
"308","Player1-Democrat",4,"outgroup",3,NA,NA,3,1,1,"Dem",1,5.66666666666667,"OVERESTIMATOR"
"309","Player2-Republican",1,"self",6,1,2,3,1,4,"Rep",4,6,"UNDERESTIMATOR"
"310","Player4-Republican",1,"self",5,1,1,3,1,1,"Rep",5,3,"OVERESTIMATOR"
"311","Player3-Democrat",2,"other",4,NA,NA,3,2,2,"Dem",3,2.66666666666667,"UNDERESTIMATOR"
"312","Player4-Republican",2,"other",6,NA,NA,3,1,1,"Rep",6,4,"UNDERESTIMATOR"
"313","Player4-Republican",4,"outgroup",3,NA,NA,3,1,1,"Rep",6,4.33333333333333,"UNDERESTIMATOR"
"314","Player4-Republican",2,"other",5,NA,NA,3,1,1,"Rep",6,4,"UNDERESTIMATOR"
"315","Player4-Republican",3,"ingroup",7,NA,NA,3,1,1,"Rep",7,2,"OVERESTIMATOR"
"316","Player3-Democrat",3,"ingroup",2,NA,NA,3,2,2,"Dem",4,0,"UNDERESTIMATOR"
"317","Player2-Republican",3,"ingroup",3,NA,NA,3,1,1,"Rep",5,1.33333333333333,"OVERESTIMATOR"
"318","Player1-Democrat",4,"outgroup",5,NA,NA,3,1,1,"Dem",4,0,"OVERESTIMATOR"
"319","Player2-Republican",1,"self",5,1,1,3,1,2,"Rep",5,1,"UNDERESTIMATOR"
"320","Player3-Democrat",3,"ingroup",3,NA,NA,3,1,1,"Dem",4,2,"UNDERESTIMATOR"
"321","Player1-Democrat",1,"self",6,1,1,3,1,4,"Dem",4,1.33333333333333,"OVERESTIMATOR"
"322","Player2-Republican",4,"outgroup",4,NA,NA,3,1,1,"Rep",4,5.33333333333333,"OVERESTIMATOR"
"323","Player1-Democrat",2,"other",6,NA,NA,3,1,1,"Dem",3,2,"OVERESTIMATOR"
"324","Player1-Democrat",3,"ingroup",6,NA,NA,3,2,2,"Dem",2,3,"UNDERESTIMATOR"
"325","Player3-Democrat",1,"self",2,1,1,3,1,4,"Dem",1,6,"OVERESTIMATOR"
"326","Player4-Republican",2,"other",4,NA,NA,3,2,2,"Rep",6,4,"UNDERESTIMATOR"
"327","Player3-Democrat",3,"ingroup",3,NA,NA,3,1,1,"Dem",3,0.666666666666667,"OVERESTIMATOR"
"328","Player3-Democrat",4,"outgroup",6,NA,NA,3,1,1,"Dem",2,4.33333333333333,"UNDERESTIMATOR"
"329","Player4-Republican",3,"ingroup",3,NA,NA,3,2,2,"Rep",5,3,"OVERESTIMATOR"
"330","Player2-Republican",3,"ingroup",4,NA,NA,3,1,1,"Rep",5,-0.333333333333333,"UNDERESTIMATOR"
"331","Player3-Democrat",3,"ingroup",4,NA,NA,3,1,1,"Dem",1,3.33333333333333,"UNDERESTIMATOR"
"332","Player1-Democrat",2,"other",5,NA,NA,3,1,1,"Dem",2,5.66666666666667,"OVERESTIMATOR"
"333","Player3-Democrat",4,"outgroup",2,NA,NA,3,1,1,"Dem",2,1,"OVERESTIMATOR"
"334","Player2-Republican",3,"ingroup",5,NA,NA,3,2,2,"Rep",7,6,"OVERESTIMATOR"
"335","Player3-Democrat",2,"other",4,NA,NA,3,1,1,"Dem",2,2,"OVERESTIMATOR"
"336","Player1-Democrat",4,"outgroup",6,NA,NA,3,1,1,"Dem",2,5.66666666666667,"UNDERESTIMATOR"
"337","Player2-Republican",4,"outgroup",2,NA,NA,3,2,2,"Rep",6,0,"UNDERESTIMATOR"
"338","Player3-Democrat",1,"self",4,1,1,3,1,4,"Dem",1,3,"UNDERESTIMATOR"
"339","Player4-Republican",1,"self",4,1,2,3,1,4,"Rep",5,3.33333333333333,"UNDERESTIMATOR"
"340","Player1-Democrat",1,"self",3,1,1,3,1,1,"Dem",3,0,"OVERESTIMATOR"
"341","Player4-Republican",4,"outgroup",2,NA,NA,3,1,1,"Rep",7,3,"UNDERESTIMATOR"
"342","Player4-Republican",2,"other",5,NA,NA,3,1,1,"Rep",6,4,"UNDERESTIMATOR"
"343","Player2-Republican",2,"other",6,NA,NA,3,1,1,"Rep",6,0,"UNDERESTIMATOR"
"344","Player1-Democrat",1,"self",3,1,1,3,1,4,"Dem",1,0,"OVERESTIMATOR"
"345","Player3-Democrat",2,"other",2,NA,NA,3,2,2,"Dem",2,5.66666666666667,"OVERESTIMATOR"
"346","Player2-Republican",3,"ingroup",2,NA,NA,3,1,1,"Rep",6,5.33333333333333,"UNDERESTIMATOR"
"347","Player1-Democrat",2,"other",3,NA,NA,3,2,2,"Dem",1,3,"OVERESTIMATOR"
"348","Player2-Republican",1,"self",2,1,1,3,1,4,"Rep",7,4,"OVERESTIMATOR"
"349","Player4-Republican",1,"self",6,1,2,1,1,4,"Rep",5,1.33333333333333,"UNDERESTIMATOR"
"350","Player1-Democrat",4,"outgroup",2,NA,NA,3,1,2,"Dem",2,3,"OVERESTIMATOR"
"351","Player3-Democrat",1,"self",6,2,NA,3,2,2,"Dem",3,1.33333333333333,"UNDERESTIMATOR"
"352","Player1-Democrat",1,"self",6,1,1,3,1,1,"Dem",5,3.66666666666667,"OVERESTIMATOR"
"353","Player2-Republican",4,"outgroup",3,NA,NA,3,1,1,"Rep",5,3,"OVERESTIMATOR"
"354","Player4-Republican",2,"other",5,NA,NA,3,1,1,"Rep",5,1.33333333333333,"UNDERESTIMATOR"
"355","Player4-Republican",3,"ingroup",2,NA,NA,3,2,1,"Rep",6,0,"UNDERESTIMATOR"
"356","Player3-Democrat",4,"outgroup",2,NA,NA,3,1,1,"Dem",3,1.33333333333333,"UNDERESTIMATOR"
"357","Player1-Democrat",1,"self",6,2,NA,3,1,4,"Dem",3,1,"OVERESTIMATOR"
"358","Player1-Democrat",2,"other",3,NA,NA,3,1,2,"Dem",1,0,"UNDERESTIMATOR"
"359","Player2-Republican",4,"outgroup",3,NA,NA,3,1,1,"Rep",7,5,"UNDERESTIMATOR"
"360","Player1-Democrat",3,"ingroup",2,NA,NA,3,1,1,"Dem",2,4.66666666666667,"UNDERESTIMATOR"
"361","Player4-Republican",3,"ingroup",4,NA,NA,3,1,1,"Rep",5,2.33333333333333,"UNDERESTIMATOR"
"362","Player3-Democrat",3,"ingroup",6,NA,NA,3,1,1,"Dem",1,4,"UNDERESTIMATOR"
"363","Player1-Democrat",4,"outgroup",4,NA,NA,3,1,1,"Dem",2,5,"OVERESTIMATOR"
"364","Player2-Republican",4,"outgroup",2,NA,NA,3,1,1,"Rep",5,4,"UNDERESTIMATOR"
"365","Player1-Democrat",4,"outgroup",5,NA,NA,3,1,1,"Dem",1,5,"UNDERESTIMATOR"
"366","Player1-Democrat",3,"ingroup",2,NA,NA,3,1,1,"Dem",2,6,"UNDERESTIMATOR"
"367","Player4-Republican",4,"outgroup",4,NA,NA,3,1,1,"Rep",7,6,"UNDERESTIMATOR"
"368","Player1-Democrat",1,"self",5,1,1,3,1,1,"Dem",2,2.66666666666667,"UNDERESTIMATOR"
"369","Player3-Democrat",2,"other",2,NA,NA,3,1,1,"Dem",4,-1.66666666666667,"OVERESTIMATOR"
"370","Player3-Democrat",2,"other",4,NA,NA,3,1,2,"Dem",2,2.66666666666667,"UNDERESTIMATOR"
"371","Player1-Democrat",4,"outgroup",4,NA,NA,3,1,1,"Dem",2,4,"UNDERESTIMATOR"
"372","Player1-Democrat",3,"ingroup",4,NA,NA,3,2,2,"Dem",1,4,"OVERESTIMATOR"
"373","Player2-Republican",1,"self",4,1,1,3,1,4,"Rep",6,2.33333333333333,"OVERESTIMATOR"
"374","Player3-Democrat",4,"outgroup",5,NA,NA,3,1,1,"Dem",2,4,"OVERESTIMATOR"
"375","Player3-Democrat",1,"self",6,1,1,3,2,4,"Dem",2,-0.333333333333333,"OVERESTIMATOR"
"376","Player2-Republican",2,"other",4,NA,NA,3,1,1,"Rep",5,3.66666666666667,"OVERESTIMATOR"
"377","Player2-Republican",2,"other",4,NA,NA,3,1,1,"Rep",6,4.33333333333333,"OVERESTIMATOR"
"378","Player4-Republican",1,"self",6,1,1,3,1,4,"Rep",5,3,"OVERESTIMATOR"
"379","Player2-Republican",3,"ingroup",5,NA,NA,3,2,2,"Rep",6,4,"OVERESTIMATOR"
"380","Player3-Democrat",1,"self",7,2,NA,3,1,1,"Dem",1,-5.33333333333333,"OVERESTIMATOR"
"381","Player4-Republican",1,"self",4,1,1,3,1,4,"Rep",5,4,"OVERESTIMATOR"
"382","Player2-Republican",1,"self",7,2,NA,3,1,1,"Rep",6,3.66666666666667,"UNDERESTIMATOR"
"383","Player3-Democrat",1,"self",5,1,1,3,2,1,"Dem",4,0,"OVERESTIMATOR"
"384","Player3-Democrat",1,"self",3,1,1,3,1,4,"Dem",1,5.33333333333333,"OVERESTIMATOR"
"385","Player4-Republican",3,"ingroup",3,NA,NA,3,2,2,"Rep",2,0,"OVERESTIMATOR"
"386","Player1-Democrat",3,"ingroup",4,NA,NA,3,1,1,"Dem",2,4.33333333333333,"UNDERESTIMATOR"
"387","Player4-Republican",4,"outgroup",6,NA,NA,3,1,1,"Rep",5,-1.66666666666667,"UNDERESTIMATOR"
"388","Player3-Democrat",4,"outgroup",1,NA,NA,3,1,1,"Dem",4,5,"UNDERESTIMATOR"
"389","Player2-Republican",1,"self",7,1,1,3,1,4,"Rep",6,2.33333333333333,"UNDERESTIMATOR"
"390","Player1-Democrat",3,"ingroup",6,NA,NA,3,1,1,"Dem",2,6,"UNDERESTIMATOR"
"391","Player2-Republican",2,"other",3,NA,NA,3,1,1,"Rep",5,-1,"OVERESTIMATOR"
"392","Player1-Democrat",1,"self",5,1,1,3,1,1,"Dem",1,1.66666666666667,"OVERESTIMATOR"
"393","Player3-Democrat",2,"other",1,NA,NA,3,1,2,"Dem",2,3,"UNDERESTIMATOR"
"394","Player3-Democrat",3,"ingroup",4,NA,NA,3,2,2,"Dem",1,1,"OVERESTIMATOR"
"395","Player2-Republican",2,"other",6,NA,NA,3,1,1,"Rep",4,4.33333333333333,"UNDERESTIMATOR"
"396","Player1-Democrat",2,"other",5,NA,NA,3,1,1,"Dem",1,3.33333333333333,"UNDERESTIMATOR"
"397","Player4-Republican",3,"ingroup",4,NA,NA,3,1,1,"Rep",7,5.66666666666667,"OVERESTIMATOR"
"398","Player4-Republican",2,"other",5,NA,NA,3,1,2,"Rep",6,5.66666666666667,"UNDERESTIMATOR"
"399","Player4-Republican",2,"other",1,NA,NA,3,1,1,"Rep",5,3,"OVERESTIMATOR"
"400","Player3-Democrat",2,"other",6,NA,NA,3,1,1,"Dem",1,3.33333333333333,"OVERESTIMATOR"
"401","Player2-Republican",4,"outgroup",1,NA,NA,3,2,2,"Rep",4,0,"UNDERESTIMATOR"
"402","Player4-Republican",4,"outgroup",1,NA,NA,3,1,1,"Rep",6,5,"OVERESTIMATOR"
"403","Player4-Republican",4,"outgroup",2,NA,NA,3,1,1,"Rep",7,4.66666666666667,"OVERESTIMATOR"
"404","Player2-Republican",1,"self",7,2,NA,3,1,1,"Rep",6,5,"OVERESTIMATOR"
"405","Player2-Republican",3,"ingroup",4,NA,NA,3,2,2,"Rep",5,1.33333333333333,"UNDERESTIMATOR"
"406","Player4-Republican",2,"other",5,NA,NA,3,2,2,"Rep",4,3.66666666666667,"OVERESTIMATOR"
"407","Player2-Republican",4,"outgroup",5,NA,NA,3,2,2,"Rep",5,3.66666666666667,"OVERESTIMATOR"
"408","Player3-Democrat",4,"outgroup",4,NA,NA,1,1,1,"Dem",1,6,"UNDERESTIMATOR"
"409","Player1-Democrat",3,"ingroup",4,NA,NA,3,1,1,"Dem",2,2,"UNDERESTIMATOR"
"410","Player4-Republican",3,"ingroup",3,NA,NA,3,1,1,"Rep",6,2.66666666666667,"UNDERESTIMATOR"
"411","Player2-Republican",1,"self",6,1,1,3,1,1,"Rep",6,4.66666666666667,"UNDERESTIMATOR"
"412","Player1-Democrat",1,"self",2,1,1,3,1,1,"Dem",2,2.66666666666667,"OVERESTIMATOR"
"413","Player4-Republican",3,"ingroup",4,NA,NA,3,1,1,"Rep",5,-1.33333333333333,"OVERESTIMATOR"
"414","Player3-Democrat",4,"outgroup",2,NA,NA,3,1,2,"Dem",3,3.66666666666667,"OVERESTIMATOR"
"415","Player3-Democrat",3,"ingroup",4,NA,NA,3,1,1,"Dem",1,6,"OVERESTIMATOR"
"416","Player1-Democrat",3,"ingroup",3,NA,NA,3,2,2,"Dem",3,3,"UNDERESTIMATOR"
"417","Player1-Democrat",2,"other",4,NA,NA,3,1,1,"Dem",1,1.66666666666667,"UNDERESTIMATOR"
"418","Player3-Democrat",3,"ingroup",4,NA,NA,3,1,1,"Dem",2,4.66666666666667,"UNDERESTIMATOR"
"419","Player4-Republican",3,"ingroup",4,NA,NA,3,2,2,"Rep",5,1.33333333333333,"OVERESTIMATOR"
"420","Player1-Democrat",1,"self",4,1,1,3,2,4,"Dem",1,3.66666666666667,"OVERESTIMATOR"
"421","Player2-Republican",3,"ingroup",4,NA,NA,3,1,1,"Rep",4,1.33333333333333,"OVERESTIMATOR"
"422","Player4-Republican",2,"other",5,NA,NA,3,1,1,"Rep",5,-1.33333333333333,"UNDERESTIMATOR"
"423","Player4-Republican",1,"self",7,1,1,3,1,4,"Rep",7,4.33333333333333,"UNDERESTIMATOR"
"424","Player2-Republican",1,"self",5,1,1,3,1,1,"Rep",6,2.66666666666667,"OVERESTIMATOR"
"425","Player2-Republican",4,"outgroup",4,NA,NA,3,2,2,"Rep",7,5,"OVERESTIMATOR"
"426","Player1-Democrat",4,"outgroup",3,NA,NA,3,1,1,"Dem",2,3.66666666666667,"OVERESTIMATOR"
"427","Player1-Democrat",4,"outgroup",2,NA,NA,3,1,1,"Dem",2,4,"UNDERESTIMATOR"
"428","Player4-Republican",2,"other",2,NA,NA,3,1,1,"Rep",6,-5.33333333333333,"UNDERESTIMATOR"
"429","Player4-Republican",3,"ingroup",5,NA,NA,3,1,1,"Rep",6,4.66666666666667,"OVERESTIMATOR"
"430","Player2-Republican",2,"other",4,NA,NA,3,1,1,"Rep",6,3.66666666666667,"UNDERESTIMATOR"
"431","Player4-Republican",2,"other",4,NA,NA,3,2,1,"Rep",5,2,"UNDERESTIMATOR"
"432","Player4-Republican",1,"self",6,2,NA,3,1,1,"Rep",6,0.666666666666667,"UNDERESTIMATOR"
"433","Player2-Republican",3,"ingroup",4,NA,NA,3,1,2,"Rep",5,3,"UNDERESTIMATOR"
"434","Player4-Republican",2,"other",1,NA,NA,3,1,1,"Rep",6,5,"UNDERESTIMATOR"
"435","Player3-Democrat",3,"ingroup",4,NA,NA,3,1,1,"Dem",2,4.66666666666667,"UNDERESTIMATOR"
"436","Player3-Democrat",1,"self",2,1,1,3,2,4,"Dem",1,4.66666666666667,"OVERESTIMATOR"
"437","Player3-Democrat",4,"outgroup",3,NA,NA,3,1,1,"Dem",2,6,"OVERESTIMATOR"
"438","Player4-Republican",4,"outgroup",3,NA,NA,3,2,2,"Rep",6,4,"UNDERESTIMATOR"
"439","Player4-Republican",1,"self",7,1,1,3,2,4,"Rep",5,1,"OVERESTIMATOR"
"440","Player2-Republican",4,"outgroup",3,NA,NA,3,1,1,"Rep",6,0,"OVERESTIMATOR"
"441","Player1-Democrat",4,"outgroup",6,NA,NA,3,1,1,"Dem",2,-3.66666666666667,"OVERESTIMATOR"
"442","Player2-Republican",2,"other",2,NA,NA,3,2,2,"Rep",4,0.666666666666667,"UNDERESTIMATOR"
"443","Player4-Republican",1,"self",6,1,1,3,1,1,"Rep",7,4.33333333333333,"UNDERESTIMATOR"
"444","Player3-Democrat",2,"other",2,NA,NA,3,2,1,"Dem",2,4.66666666666667,"UNDERESTIMATOR"
"445","Player2-Republican",2,"other",4,NA,NA,3,1,1,"Rep",7,5.66666666666667,"OVERESTIMATOR"
"446","Player1-Democrat",4,"outgroup",3,NA,NA,3,1,1,"Dem",1,3.33333333333333,"OVERESTIMATOR"
"447","Player3-Democrat",3,"ingroup",4,NA,NA,3,1,1,"Dem",1,1.33333333333333,"OVERESTIMATOR"
"448","Player1-Democrat",1,"self",5,1,1,3,1,4,"Dem",1,4,"OVERESTIMATOR"
"449","Player3-Democrat",2,"other",4,NA,NA,3,2,1,"Dem",1,0,"UNDERESTIMATOR"
"450","Player1-Democrat",1,"self",5,1,1,3,1,4,"Dem",2,5,"UNDERESTIMATOR"
"451","Player3-Democrat",4,"outgroup",6,NA,NA,3,1,1,"Dem",2,1,"UNDERESTIMATOR"
"452","Player3-Democrat",4,"outgroup",2,NA,NA,3,2,2,"Dem",1,3,"OVERESTIMATOR"
"453","Player1-Democrat",3,"ingroup",2,NA,NA,3,1,1,"Dem",3,4.33333333333333,"UNDERESTIMATOR"
"454","Player2-Republican",2,"other",7,NA,NA,3,1,1,"Rep",5,5.33333333333333,"OVERESTIMATOR"
"455","Player3-Democrat",1,"self",3,1,1,3,2,4,"Dem",1,5,"OVERESTIMATOR"
"456","Player1-Democrat",2,"other",4,NA,NA,3,1,1,"Dem",1,3,"UNDERESTIMATOR"
"457","Player1-Democrat",4,"outgroup",2,NA,NA,3,1,1,"Dem",3,4,"UNDERESTIMATOR"
"458","Player4-Republican",4,"outgroup",4,NA,NA,3,1,1,"Rep",5,2.33333333333333,"UNDERESTIMATOR"
"459","Player1-Democrat",1,"self",3,1,1,3,1,4,"Dem",2,4,"UNDERESTIMATOR"
"460","Player2-Republican",2,"other",2,NA,NA,3,1,1,"Rep",6,2.66666666666667,"UNDERESTIMATOR"
"461","Player3-Democrat",4,"outgroup",2,NA,NA,3,1,1,"Dem",2,3,"OVERESTIMATOR"
"462","Player1-Democrat",2,"other",2,NA,NA,3,1,1,"Dem",4,3,"OVERESTIMATOR"
"463","Player3-Democrat",1,"self",7,2,NA,3,1,4,"Dem",1,4,"OVERESTIMATOR"
"464","Player1-Democrat",2,"other",4,NA,NA,3,1,1,"Dem",2,4,"OVERESTIMATOR"
"465","Player3-Democrat",3,"ingroup",6,NA,NA,3,1,1,"Dem",1,0.666666666666667,"OVERESTIMATOR"
"466","Player3-Democrat",3,"ingroup",4,NA,NA,3,1,1,"Dem",3,1.33333333333333,"OVERESTIMATOR"
"467","Player1-Democrat",2,"other",2,NA,NA,3,2,2,"Dem",1,3,"UNDERESTIMATOR"
"468","Player2-Republican",3,"ingroup",1,NA,NA,3,2,2,"Rep",7,6,"OVERESTIMATOR"
"469","Player2-Republican",3,"ingroup",4,NA,NA,3,1,1,"Rep",5,1.33333333333333,"OVERESTIMATOR"
"470","Player3-Democrat",4,"outgroup",3,NA,NA,3,1,1,"Dem",1,4,"OVERESTIMATOR"
"471","Player3-Democrat",3,"ingroup",3,NA,NA,3,2,2,"Dem",3,-0.666666666666667,"UNDERESTIMATOR"
"472","Player4-Republican",3,"ingroup",5,NA,NA,3,1,1,"Rep",7,3,"UNDERESTIMATOR"
"473","Player1-Democrat",1,"self",3,1,1,3,1,4,"Dem",2,3.33333333333333,"UNDERESTIMATOR"
"474","Player4-Republican",1,"self",7,2,NA,3,2,4,"Rep",7,3.33333333333333,"UNDERESTIMATOR"
"475","Player2-Republican",2,"other",2,NA,NA,3,1,2,"Rep",5,0.666666666666667,"OVERESTIMATOR"
"476","Player2-Republican",4,"outgroup",4,NA,NA,3,2,2,"Rep",5,0.666666666666667,"OVERESTIMATOR"
"477","Player4-Republican",1,"self",5,1,1,3,1,1,"Rep",7,5.33333333333333,"UNDERESTIMATOR"
"478","Player4-Republican",4,"outgroup",1,NA,NA,3,1,1,"Rep",7,6,"UNDERESTIMATOR"
"479","Player2-Republican",3,"ingroup",4,NA,NA,3,2,2,"Rep",3,0,"OVERESTIMATOR"
"480","Player4-Republican",1,"self",4,1,1,3,2,2,"Rep",5,2,"UNDERESTIMATOR"
"481","Player1-Democrat",1,"self",4,1,1,3,2,2,"Dem",1,5,"UNDERESTIMATOR"
"482","Player3-Democrat",1,"self",4,1,1,3,1,4,"Dem",1,3,"UNDERESTIMATOR"
"483","Player1-Democrat",4,"outgroup",4,NA,NA,3,1,1,"Dem",2,6,"OVERESTIMATOR"
"484","Player2-Republican",2,"other",5,NA,NA,3,1,1,"Rep",5,2.66666666666667,"UNDERESTIMATOR"
"485","Player3-Democrat",4,"outgroup",3,NA,NA,3,1,1,"Dem",2,5,"OVERESTIMATOR"
"486","Player2-Republican",1,"self",6,2,NA,3,2,1,"Rep",7,5.33333333333333,"UNDERESTIMATOR"
"487","Player4-Republican",2,"other",4,NA,NA,3,2,2,"Rep",5,0.666666666666667,"OVERESTIMATOR"
"488","Player3-Democrat",3,"ingroup",4,NA,NA,3,2,2,"Dem",3,1,"UNDERESTIMATOR"
"489","Player3-Democrat",4,"outgroup",6,NA,NA,3,1,2,"Dem",2,4.66666666666667,"UNDERESTIMATOR"
"490","Player1-Democrat",4,"outgroup",2,NA,NA,3,1,2,"Dem",2,5,"OVERESTIMATOR"
"491","Player1-Democrat",3,"ingroup",3,NA,NA,3,1,1,"Dem",3,2.66666666666667,"OVERESTIMATOR"
"492","Player2-Republican",3,"ingroup",2,NA,NA,3,1,1,"Rep",5,2.66666666666667,"OVERESTIMATOR"
"493","Player4-Republican",2,"other",6,NA,NA,3,2,2,"Rep",5,-0.666666666666667,"OVERESTIMATOR"
"494","Player4-Republican",3,"ingroup",3,NA,NA,3,1,1,"Rep",6,3.66666666666667,"UNDERESTIMATOR"
"495","Player2-Republican",2,"other",6,NA,NA,3,1,1,"Rep",6,5,"OVERESTIMATOR"
"496","Player4-Republican",4,"outgroup",3,NA,NA,3,1,1,"Rep",4,-1,"OVERESTIMATOR"
"497","Player4-Republican",2,"other",5,NA,NA,3,1,1,"Rep",6,0.666666666666667,"UNDERESTIMATOR"
"498","Player2-Republican",3,"ingroup",6,NA,NA,3,1,1,"Rep",6,3.33333333333333,"OVERESTIMATOR"
"499","Player2-Republican",3,"ingroup",2,NA,NA,3,1,2,"Rep",7,5,"UNDERESTIMATOR"
"500","Player3-Democrat",1,"self",7,2,NA,3,1,4,"Dem",1,6,"UNDERESTIMATOR"
"501","Player4-Republican",3,"ingroup",4,NA,NA,3,1,1,"Rep",6,2.33333333333333,"OVERESTIMATOR"
"502","Player1-Democrat",1,"self",7,1,1,3,1,4,"Dem",1,6,"OVERESTIMATOR"
"503","Player4-Republican",4,"outgroup",2,NA,NA,3,2,2,"Rep",5,0,"UNDERESTIMATOR"
"504","Player2-Republican",4,"outgroup",1,NA,NA,3,2,2,"Rep",6,2.33333333333333,"OVERESTIMATOR"
"505","Player3-Democrat",2,"other",3,NA,NA,3,2,2,"Dem",2,5.66666666666667,"UNDERESTIMATOR"
"506","Player3-Democrat",2,"other",4,NA,NA,3,1,1,"Dem",3,NA,"OVERESTIMATOR"
"507","Player2-Republican",1,"self",2,1,1,3,1,1,"Rep",4,1,"UNDERESTIMATOR"
"508","Player4-Republican",1,"self",6,2,NA,3,1,1,"Rep",3,0,"OVERESTIMATOR"
"509","Player3-Democrat",2,"other",4,NA,NA,3,2,2,"Dem",2,1.66666666666667,"OVERESTIMATOR"
"510","Player1-Democrat",4,"outgroup",4,NA,NA,3,1,1,"Dem",2,5.66666666666667,"UNDERESTIMATOR"
"511","Player1-Democrat",4,"outgroup",4,NA,NA,3,2,2,"Dem",1,5.66666666666667,"OVERESTIMATOR"
"512","Player4-Republican",2,"other",2,NA,NA,3,1,1,"Rep",6,-2,"UNDERESTIMATOR"
"513","Player1-Democrat",1,"self",6,2,NA,3,2,4,"Dem",3,2.66666666666667,"OVERESTIMATOR"
"514","Player3-Democrat",2,"other",1,NA,NA,3,2,2,"Dem",1,-3,"UNDERESTIMATOR"
"515","Player3-Democrat",4,"outgroup",4,NA,NA,3,2,1,"Dem",5,0.333333333333333,"UNDERESTIMATOR"
"516","Player3-Democrat",4,"outgroup",4,NA,NA,3,1,1,"Dem",3,5,"UNDERESTIMATOR"
"517","Player4-Republican",1,"self",7,2,NA,3,1,4,"Rep",6,6,"OVERESTIMATOR"
"518","Player2-Republican",1,"self",3,1,1,3,1,1,"Rep",4,4,"UNDERESTIMATOR"
"519","Player1-Democrat",3,"ingroup",2,NA,NA,3,1,1,"Dem",4,4,"OVERESTIMATOR"
"520","Player2-Republican",2,"other",4,NA,NA,3,1,1,"Rep",5,1,"OVERESTIMATOR"
"521","Player4-Republican",3,"ingroup",4,NA,NA,3,1,1,"Rep",6,4.33333333333333,"OVERESTIMATOR"
"522","Player1-Democrat",1,"self",4,1,1,3,1,1,"Dem",1,2.33333333333333,"UNDERESTIMATOR"
"523","Player2-Republican",3,"ingroup",5,NA,NA,3,1,1,"Rep",6,2,"UNDERESTIMATOR"
"524","Player2-Republican",3,"ingroup",5,NA,NA,3,1,1,"Rep",5,3,"OVERESTIMATOR"
"525","Player4-Republican",3,"ingroup",6,NA,NA,3,1,1,"Rep",6,2.66666666666667,"OVERESTIMATOR"
"526","Player2-Republican",4,"outgroup",4,NA,NA,3,1,1,"Rep",4,0,"OVERESTIMATOR"
"527","Player3-Democrat",2,"other",3,NA,NA,3,1,1,"Dem",2,5,"OVERESTIMATOR"
"528","Player3-Democrat",4,"outgroup",4,NA,NA,3,1,2,"Dem",2,1.33333333333333,"UNDERESTIMATOR"
"529","Player3-Democrat",2,"other",4,NA,NA,3,1,1,"Dem",2,2.33333333333333,"OVERESTIMATOR"
"530","Player4-Republican",3,"ingroup",7,NA,NA,3,1,1,"Rep",4,2,"UNDERESTIMATOR"
"531","Player1-Democrat",2,"other",6,NA,NA,3,1,1,"Dem",7,3.66666666666667,"OVERESTIMATOR"
"532","Player2-Republican",3,"ingroup",4,NA,NA,3,1,1,"Rep",5,2,"OVERESTIMATOR"
"533","Player1-Democrat",4,"outgroup",2,NA,NA,3,2,2,"Dem",1,5.66666666666667,"OVERESTIMATOR"
"534","Player1-Democrat",4,"outgroup",2,NA,NA,3,1,1,"Dem",2,1,"UNDERESTIMATOR"
"535","Player4-Republican",2,"other",4,NA,NA,3,1,1,"Rep",6,4,"UNDERESTIMATOR"
"536","Player3-Democrat",1,"self",3,1,1,3,2,4,"Dem",1,5,"UNDERESTIMATOR"
"537","Player1-Democrat",1,"self",4,1,1,3,2,4,"Dem",2,1.33333333333333,"OVERESTIMATOR"
"538","Player2-Republican",1,"self",1,1,1,3,2,4,"Rep",7,2.33333333333333,"UNDERESTIMATOR"
"539","Player1-Democrat",3,"ingroup",6,NA,NA,3,1,2,"Dem",4,3,"OVERESTIMATOR"
"540","Player4-Republican",2,"other",3,NA,NA,3,1,2,"Rep",7,-0.666666666666667,"UNDERESTIMATOR"
"541","Player2-Republican",1,"self",6,1,1,3,1,1,"Rep",4,5.66666666666667,"UNDERESTIMATOR"
"542","Player4-Republican",4,"outgroup",4,NA,NA,3,2,2,"Rep",6,3.66666666666667,"UNDERESTIMATOR"
"543","Player2-Republican",2,"other",5,NA,NA,3,1,1,"Rep",6,2.66666666666667,"UNDERESTIMATOR"
"544","Player1-Democrat",4,"outgroup",5,NA,NA,3,1,2,"Dem",2,5.33333333333333,"UNDERESTIMATOR"
"545","Player3-Democrat",1,"self",4,1,1,3,1,4,"Dem",2,4.66666666666667,"UNDERESTIMATOR"
"546","Player3-Democrat",1,"self",3,1,1,3,1,2,"Dem",1,5,"OVERESTIMATOR"
"547","Player1-Democrat",3,"ingroup",4,NA,NA,3,2,2,"Dem",2,0,"OVERESTIMATOR"
"548","Player4-Republican",4,"outgroup",1,NA,NA,3,1,1,"Rep",2,-4,"OVERESTIMATOR"
"549","Player4-Republican",4,"outgroup",5,NA,NA,3,2,2,"Rep",6,4,"OVERESTIMATOR"
"550","Player2-Republican",1,"self",6,1,1,3,1,1,"Rep",6,4.66666666666667,"UNDERESTIMATOR"
"551","Player2-Republican",3,"ingroup",4,NA,NA,3,1,1,"Rep",7,5.33333333333333,"OVERESTIMATOR"
"552","Player1-Democrat",1,"self",7,1,2,3,1,1,"Dem",2,4,"OVERESTIMATOR"
"553","Player4-Republican",1,"self",6,2,NA,3,1,4,"Rep",5,2.33333333333333,"OVERESTIMATOR"
"554","Player2-Republican",2,"other",4,NA,NA,3,1,1,"Rep",6,-0.666666666666667,"OVERESTIMATOR"
"555","Player1-Democrat",4,"outgroup",2,NA,NA,3,1,1,"Dem",3,5,"UNDERESTIMATOR"
"556","Player3-Democrat",3,"ingroup",1,NA,NA,3,2,2,"Dem",1,3.66666666666667,"UNDERESTIMATOR"
"557","Player3-Democrat",4,"outgroup",4,NA,NA,3,1,1,"Dem",1,4,"UNDERESTIMATOR"
"558","Player4-Republican",2,"other",4,NA,NA,3,1,1,"Rep",6,-2.33333333333333,"UNDERESTIMATOR"
"559","Player3-Democrat",1,"self",3,1,1,3,2,2,"Dem",2,-0.333333333333333,"OVERESTIMATOR"
"560","Player1-Democrat",3,"ingroup",4,NA,NA,3,2,2,"Dem",2,4.33333333333333,"UNDERESTIMATOR"
"561","Player2-Republican",3,"ingroup",4,NA,NA,3,1,2,"Rep",5,2,"OVERESTIMATOR"
"562","Player1-Democrat",3,"ingroup",4,NA,NA,3,2,1,"Dem",2,4,"OVERESTIMATOR"
"563","Player4-Republican",2,"other",3,NA,NA,3,2,2,"Rep",7,2,"UNDERESTIMATOR"
"564","Player3-Democrat",4,"outgroup",4,NA,NA,3,1,2,"Dem",2,2.33333333333333,"UNDERESTIMATOR"
"565","Player3-Democrat",1,"self",2,1,1,3,1,4,"Dem",2,-1,"OVERESTIMATOR"
"566","Player2-Republican",2,"other",6,NA,NA,3,1,2,"Rep",6,4,"UNDERESTIMATOR"
"567","Player4-Republican",4,"outgroup",5,NA,NA,3,2,1,"Rep",6,4.33333333333333,"OVERESTIMATOR"
"568","Player4-Republican",4,"outgroup",4,NA,NA,3,2,2,"Rep",6,4,"OVERESTIMATOR"
"569","Player2-Republican",2,"other",3,NA,NA,3,1,1,"Rep",5,-1,"OVERESTIMATOR"
"570","Player3-Democrat",3,"ingroup",1,NA,NA,3,1,1,"Dem",1,4.66666666666667,"UNDERESTIMATOR"
"571","Player1-Democrat",3,"ingroup",5,NA,NA,3,2,4,"Dem",3,2.66666666666667,"OVERESTIMATOR"
"572","Player1-Democrat",2,"other",4,NA,NA,3,2,2,"Dem",2,3.33333333333333,"UNDERESTIMATOR"
"573","Player2-Republican",1,"self",5,1,1,3,1,4,"Rep",7,6,"OVERESTIMATOR"
"574","Player1-Democrat",1,"self",7,2,NA,3,1,4,"Dem",1,4,"OVERESTIMATOR"
"575","Player3-Democrat",1,"self",6,2,NA,3,1,1,"Dem",2,2.33333333333333,"UNDERESTIMATOR"
"576","Player3-Democrat",4,"outgroup",6,NA,NA,3,1,1,"Dem",3,1,"OVERESTIMATOR"
"577","Player4-Republican",1,"self",5,1,1,3,1,4,"Rep",6,0,"OVERESTIMATOR"
"578","Player1-Democrat",2,"other",2,NA,NA,3,2,1,"Dem",1,5.66666666666667,"UNDERESTIMATOR"
"579","Player2-Republican",2,"other",4,NA,NA,3,1,1,"Rep",6,-4.66666666666667,"UNDERESTIMATOR"
"580","Player2-Republican",4,"outgroup",3,NA,NA,3,2,1,"Rep",4,0.333333333333333,"OVERESTIMATOR"
"581","Player2-Republican",3,"ingroup",4,NA,NA,3,1,1,"Rep",7,5,"UNDERESTIMATOR"
"582","Player3-Democrat",4,"outgroup",4,NA,NA,3,1,1,"Dem",2,3.66666666666667,"OVERESTIMATOR"
"583","Player4-Republican",3,"ingroup",3,NA,NA,3,1,1,"Rep",3,-2.33333333333333,"UNDERESTIMATOR"
"584","Player4-Republican",2,"other",6,NA,NA,3,1,1,"Rep",7,4,"UNDERESTIMATOR"
"585","Player4-Republican",1,"self",5,1,1,3,2,2,"Rep",6,3,"OVERESTIMATOR"
